9/5/2011,100 Camp St
8/9/2013,100 Chartres St
2/21/2014,100 Chartres St
1/23/2012,100 Conti St
1/16/2011,100 Dauphine St
8/15/2011,100 Decatur St
3/13/2013,100 Elk Pl
9/19/2012,100 Iberville St
9/17/2014,100 N Peters St
11/1/2012,100 N Telemachus St
12/28/2013,100 Napoleon Ave
4/20/2011,100 North Broad St
2/26/2011,100 North Rampart St
3/2/2011,100 North Rocheblave St
1/15/2014,100 Royal St
1/9/2014,100 Royal St
6/2/2013,100 S Rampart St
5/30/2014,100 Saint Charles Ave
6/16/2011,100 South Bernadotte St
3/18/2011,100 South Claiborne Ave
5/31/2011,100 South Rampart St
7/12/2012,100 Veterans Hwy
1/30/2011,100 West Harrison Ave
3/16/2014,1000 Alvar St
2/4/2011,1000 Annunciation St
6/27/2011,1000 Annunciation St
2/19/2011,1000 Bienville St
4/1/2011,1000 Canal St
1/12/2011,1000 City Park Ave
5/26/2012,1000 Common St
6/7/2012,1000 Henriette Delille St
6/16/2014,1000 Iberville St
9/15/2013,1000 Jackson Ave
8/11/2011,1000 Josephine St
10/12/2012,1000 Leontine St
9/23/2011,1000 Louisiana Ave
11/24/2012,1000 Marigny St
12/1/2012,1000 N Rampart St
8/23/2012,1000 Oretha Castle Haley Blvd
11/1/2011,1000 Philip St
3/12/2012,1000 Royal St
3/26/2014,1000 S Carrollton Ave
5/12/2012,1000 Saint Charles Ave
10/20/2011,1000 Tchoupitoulas St
1/18/2013,1000 Tchoupitoulas St
11/11/2011,1000 Toulouse St
7/12/2014,10800 Chef Menteur Hwy
7/7/2012,10th St & Fleur De Lis Dr
10/6/2012,10th St & Pontchartrain Blvd
12/8/2012,1100 8th St
2/16/2014,1100 Calliope St
6/18/2014,1100 Camp St
6/23/2012,1100 Carondelet St
11/22/2013,1100 Convention Center Blvd
8/16/2014,1100 Convention Center Blvd
9/11/2011,1100 Elysian Fields Ave
1/7/2014,1100 Girod St
1/16/2011,1100 L B Landry Ave
9/28/2014,1100 Magazine St
7/19/2014,1100 N Broad St
1/9/2011,1100 North Rampart St
5/27/2013,1100 Saint Mary St
12/24/2013,1100 Saint Philip St
1/27/2011,1100 St Charles Ave
6/7/2013,1100 Tchoupitoulas St
11/21/2013,1100 Tchoupitoulas St
9/26/2013,1100 Toledano St
2/7/2014,1100 Toledano St
2/26/2011,11000 Chef Menteur Hwy
10/31/2011,11000 Lake Forest Boulevard
10/12/2013,11200 Chef Menteur Hwy
9/26/2013,1200 Annunciation St
1/12/2011,1200 Basin St
6/15/2011,1200 Basin St
9/10/2011,1200 Basin St
9/10/2011,1200 Basin St
9/10/2011,1200 Basin St
9/10/2011,1200 Basin St
9/10/2011,1200 Basin St
9/10/2011,1200 Basin St
9/10/2011,1200 Basin St
9/22/2012,1200 Basin St
9/22/2012,1200 Basin St
9/22/2012,1200 Basin St
9/22/2012,1200 Basin St
8/30/2013,1200 Basin St
8/30/2013,1200 Basin St
8/30/2013,1200 Basin St
8/30/2013,1200 Basin St
8/30/2013,1200 Basin St
8/30/2013,1200 Basin St
8/30/2013,1200 Basin St
8/30/2013,1200 Basin St
8/30/2013,1200 Basin St
8/30/2013,1200 Basin St
11/14/2013,1200 Basin St
4/26/2014,1200 Basin St
11/5/2014,1200 Basin St
8/24/2011,1200 Canal St
3/7/2012,1200 Canal St
8/21/2013,1200 Decatur St
8/27/2014,1200 Decatur St
2/2/2011,1200 Louisiana Ave
9/15/2014,1200 Louisiana Ave
3/16/2014,1200 Louisiana Ave
6/8/2014,1200 Magazine St
12/1/2014,1200 Milan St
4/5/2012,1200 Milton St
3/14/2014,1200 Napoleon Ave
4/12/2011,1200 North Broad St
4/13/2012,1200 S Jefferson Davis Pkwy
10/16/2012,1200 Saint Charles Ave
2/24/2014,1200 Saint Mary St
10/14/2011,1200 South Carrollton Ave
2/21/2012,1200 St Bernard Ave
7/30/2012,12th St & Pontchartrain Blvd
6/16/2013,12th St & Pontchartrain Blvd
8/15/2014,1300 Bordeaux St
8/1/2014,1300 Convention Center Blvd
6/15/2012,1300 Frenchmen St
5/23/2012,1300 Magazine St
9/17/2012,1300 Magazine St
5/23/2012,1300 N Peters St
3/16/2011,1300 Simon Bolivar Ave
5/7/2011,1300 St Charles Ave
8/9/2011,1300 St Charles Ave
7/4/2011,13000 Chef Menteur Hwy
1/1/2012,13100 Chef Menteur Hwy
6/16/2012,13100 Linden St
6/16/2012,13100 Linden St
12/31/2011,13400 Dwyer Boulevard
10/15/2012,13800 Chef Menteur Hwy
8/14/2013,13900 Chef Menteur Hwy
2/2/2013,1400 Broadway St
6/18/2013,1400 Broadway St
1/26/2013,1400 Canal St
10/19/2013,1400 Hillary St
6/22/2014,1400 Louisiana Ave
10/22/2011,1400 Magazine St
6/9/2014,1400 Magazine St
10/3/2013,1400 N Claiborne Ave
1/19/2014,1400 Saint Louis St
2/11/2011,1400 South Carrollton Ave
9/21/2011,1400 Tchoupitoulas St
5/11/2012,1400 Tchoupitoulas St
7/24/2011,1400 Tulane Ave
5/16/2013,14100 Chef Menteur Hwy
10/18/2013,14300 Chef Menteur Hwy
5/10/2012,14700 Chef Menteur Hwy
5/13/2013,14700 Chef Menteur Hwy
5/14/2011,14900 Chef Menteur Hwy
6/16/2012,1500 Basin St
10/15/2014,1500 Camp St
3/10/2013,1500 Canal St
3/8/2013,1500 Dave Dixon Dr
3/2/2014,1500 Dave Dixon Dr
4/8/2013,1500 Elysian Fields Ave
10/17/2013,1500 Esplanade Ave
8/19/2011,1500 Magazine St
11/22/2011,1500 Magazine St
3/27/2014,1500 Magazine St
4/10/2012,1500 Mandeville St
8/5/2013,1500 Milton St
6/3/2013,1500 Napoleon Ave
5/28/2011,1500 Religious St
1/13/2012,1500 Religious St
3/31/2012,1500 Religious St
5/11/2012,1500 Religious St
5/24/2012,1500 Religious St
5/25/2012,1500 Religious St
6/6/2012,1500 Religious St
6/15/2012,1500 Religious St
6/17/2012,1500 Religious St
6/20/2012,1500 Religious St
6/22/2012,1500 Religious St
9/5/2012,1500 Religious St
10/10/2012,1500 Religious St
5/4/2013,1500 Religious St
7/31/2014,1500 Religious St
8/18/2014,1500 Religious St
8/21/2011,1500 Tchoupitoulas St
8/28/2011,1500 Tchoupitoulas St
9/22/2011,1500 Tchoupitoulas St
9/30/2011,1500 Tchoupitoulas St
1/25/2012,1500 Valmont St
5/19/2011,1600 Canal St
11/10/2012,1600 Franklin Ave
10/11/2011,1600 Louisiana Ave
9/24/2014,1600 Louisiana Ave
12/29/2011,1600 Mazant St
6/26/2011,1600 Music St
2/12/2014,1600 Pauger St
10/28/2012,1600 Religious St
11/29/2013,1600 Religious St
8/2/2014,1600 Religious St
6/10/2013,1600 Saint Charles Ave
4/1/2012,1600 Tchoupitoulas St
10/9/2011,1600 Washington Ave
10/14/2013,16900 Chef Menteur Hwy
1/8/2011,1700 Gentilly Boulevard
9/12/2011,1700 Highrise 
1/25/2011,1700 Louisiana Ave
6/11/2012,1700 N Broad St
10/6/2012,1700 Napoleon Ave
5/25/2012,1700 Religious St
8/17/2014,1700 Religious St
2/10/2013,1700 S Carrollton Ave
1/27/2012,1700 Saint Charles Ave
2/21/2011,1700 St Charles Ave
8/24/2011,1700 Tchoupitoulas St
9/27/2012,1700 Tchoupitoulas St
9/13/2014,1700 Tchoupitoulas St
9/13/2012,17300 Chef Menteur Hwy
8/25/2012,1800 Bienville St
5/23/2011,1800 Elysian Fields Ave
11/15/2013,1800 Franklin Ave
6/9/2011,1800 Gentilly Boulevard
1/13/2011,1800 Napoleon Ave
1/17/2014,1800 Napoleon Ave
4/1/2011,1800 Religious St
7/7/2013,1800 Saint Charles Ave
2/1/2014,1800 Saint Charles Ave
2/7/2014,1800 Sophie Wright Pl
7/24/2011,1800 Tchoupitoulas St
9/28/2011,1800 Tchoupitoulas St
10/1/2011,1800 Tchoupitoulas St
10/6/2011,1800 Tchoupitoulas St
12/16/2011,1800 Tchoupitoulas St
1/22/2012,1800 Tchoupitoulas St
8/25/2012,1800 Tchoupitoulas St
8/25/2012,1800 Tchoupitoulas St
8/25/2012,1800 Tchoupitoulas St
8/25/2012,1800 Tchoupitoulas St
8/25/2012,1800 Tchoupitoulas St
8/25/2012,1800 Tchoupitoulas St
3/29/2013,1800 Tchoupitoulas St
3/29/2013,1800 Tchoupitoulas St
6/7/2013,1800 Tchoupitoulas St
6/14/2013,1800 Tchoupitoulas St
6/14/2013,1800 Tchoupitoulas St
6/14/2013,1800 Tchoupitoulas St
6/14/2013,1800 Tchoupitoulas St
6/14/2013,1800 Tchoupitoulas St
6/14/2013,1800 Tchoupitoulas St
9/6/2013,1800 Tchoupitoulas St
9/6/2013,1800 Tchoupitoulas St
9/6/2013,1800 Tchoupitoulas St
9/6/2013,1800 Tchoupitoulas St
4/19/2014,1800 Tchoupitoulas St
8/1/2014,1800 Tchoupitoulas St
8/13/2014,1800 Tchoupitoulas St
4/27/2014,1800 Tchoupitoulas St
10/2/2014,1800 Tchoupitoulas St
5/23/2014,1800 Tchoupitoulas St
5/23/2014,1800 Tchoupitoulas St
3/22/2014,1800 Tchoupitoulas St
6/7/2014,1800 Tchoupitoulas St
6/22/2014,1800 Tchoupitoulas St
7/17/2014,1800 Tchoupitoulas St
10/15/2013,18600 Chef Menteur Hwy
3/27/2012,1900 Dauphine St
7/11/2014,1900 Napoleon Ave
7/13/2011,1900 St Charles Ave
10/23/2011,1900 St Charles Ave
4/7/2011,1900 Tchoupitoulas St
8/26/2011,1900 Tchoupitoulas St
3/24/2012,1900 Tchoupitoulas St
7/8/2012,1900 Tchoupitoulas St
8/25/2012,1900 Tchoupitoulas St
9/9/2012,1900 Tchoupitoulas St
9/23/2012,1900 Tchoupitoulas St
11/29/2012,1900 Tchoupitoulas St
3/10/2013,1900 Tchoupitoulas St
3/29/2013,1900 Tchoupitoulas St
3/29/2013,1900 Tchoupitoulas St
3/29/2013,1900 Tchoupitoulas St
6/13/2013,1900 Tchoupitoulas St
7/31/2013,1900 Tchoupitoulas St
12/17/2013,1900 Tchoupitoulas St
8/1/2014,1900 Tchoupitoulas St
8/1/2014,1900 Tchoupitoulas St
8/1/2014,1900 Tchoupitoulas St
8/1/2014,1900 Tchoupitoulas St
5/23/2014,1900 Tchoupitoulas St
2/6/2014,1900 Tchoupitoulas St
5/23/2014,1900 Tchoupitoulas St
5/23/2014,1900 Tchoupitoulas St
5/25/2014,1900 Tchoupitoulas St
12/12/2014,1900 Tchoupitoulas St
1/11/2014,1900 Tchoupitoulas St
7/19/2014,1900 Tchoupitoulas St
7/25/2014,1900 Tchoupitoulas St
7/25/2014,1900 Tchoupitoulas St
7/25/2014,1900 Tchoupitoulas St
7/25/2014,1900 Tchoupitoulas St
2/22/2013,1900 Tennessee St
6/1/2013,1900 Washington Ave
7/5/2013,19900 Chef Menteur Hwy
6/13/2014,1st St & Camp St
7/1/2012,1st St & Magazine St
9/12/2012,1st St & Magazine St
3/31/2013,1st St & Magazine St
9/14/2011,1ST ST & S CLAIBORNE AVE
6/1/2013,1st St & S Claiborne Ave
9/10/2013,1st St & S Claiborne Ave
8/20/2012,1st St & Saint Charles Ave
11/12/2014,1st St & Saint Charles Ave
5/25/2012,1st St & Tchoupitoulas St
7/14/2012,1st St & Tchoupitoulas St
6/15/2013,1st St & Tchoupitoulas St
9/9/2013,1st St & Tchoupitoulas St
5/14/2014,1st St & Tchoupitoulas St
2/14/2011,200 Bourbon St
8/10/2011,200 Bourbon St
2/23/2012,200 Dauphine St
12/16/2014,200 Decatur St
1/26/2011,200 Harrison Ave
6/3/2014,200 Henry Clay Ave
3/9/2012,200 I-10 E
10/30/2011,200 Interstate 10 
1/22/2013,200 N Broad St
4/20/2014,200 N Carrollton Ave
10/13/2014,200 N Carrollton Ave
2/15/2012,200 N Claiborne Ave
3/16/2012,200 N Derbigny St
12/26/2013,200 N Rampart St
1/12/2012,200 N Rendon St
10/29/2011,200 North Rampart St
2/24/2011,200 Royal St
6/27/2012,200 S Claiborne Ave
5/15/2014,200 S Claiborne Ave
5/16/2014,200 S Cortez St
10/28/2011,200 South Claiborne Ave
5/13/2011,200 Tchoupitoulas St
8/5/2012,2000 Behrman Ave
5/25/2013,2000 Behrman Ave
12/3/2012,2000 Canal St
6/28/2013,2000 Hendee St
8/26/2012,2000 Lakeshore Dr
9/9/2012,2000 Lakeshore Dr
10/31/2012,2000 Lakeshore Dr
8/2/2011,2000 Lakeshore Drive
3/18/2014,2000 Magazine St
3/3/2012,2000 Mardi Gras Blvd
3/17/2012,2000 Mardi Gras Blvd
7/12/2012,2000 Mardi Gras Blvd
3/15/2013,2000 Mardi Gras Blvd
1/15/2011,2000 Mardi Gras Boulevard
8/11/2011,2000 Mardi Gras Boulevard
11/13/2011,2000 Mardi Gras Boulevard
6/10/2012,2000 Napoleon Ave
10/20/2012,2000 Port St
11/23/2011,2000 Prytania St
12/17/2014,2000 S Claiborne Ave
10/26/2014,2000 S Claiborne Ave
8/30/2014,2000 Saint Bernard Ave
6/28/2014,2000 Saint Claude Ave
3/24/2011,20000 Chef Menteur Hwy
7/21/2012,20200 Old Spanish Trail
9/20/2013,2100 Esplanade Ave
9/10/2011,2100 Louisiana Ave
8/5/2014,2100 Louisiana Ave
10/2/2011,2100 Magazine St
9/5/2013,2100 Magazine St
2/6/2014,2100 Magazine St
1/19/2011,2100 Orleans Ave
3/15/2013,2100 Orleans Ave
12/1/2011,2100 Prytania St
4/1/2012,2100 Prytania St
12/8/2014,2100 S Claiborne Ave
1/10/2014,2100 Saint Charles Ave
1/20/2014,2100 Saint Charles Ave
4/11/2013,2100 Tchoupitoulas St
1/7/2011,2200 Canal St
10/6/2014,2200 Canal St
2/28/2011,2200 Lakeshore Drive
11/3/2014,2200 Louisiana Ave
6/6/2013,2200 Magazine St
1/16/2014,2200 Napoleon Ave
3/13/2012,2200 Saint Claude Ave
6/19/2011,2200 South Claiborne Ave
4/6/2013,2200 Tulane Ave
12/9/2011,2300 Dryades St
9/12/2011,2300 Louisiana Ave
12/12/2013,2300 Magazine St
2/14/2014,2300 Magazine St
8/4/2012,2300 Prytania St
3/28/2014,2300 Saint Charles Ave
9/19/2011,2300 St Charles Ave
9/4/2011,2300 St Claude Ave
8/26/2011,2300 Tchoupitoulas St
4/25/2014,2300 Tchoupitoulas St
5/24/2014,2400 Canal St
7/13/2013,2400 Elysian Fields Ave
12/7/2014,2400 Louisiana Ave
12/22/2013,2400 Magazine St
11/27/2012,2400 Saint Charles Ave
7/20/2011,2400 South Carrollton Ave
11/29/2011,2400 St Charles Ave
5/9/2011,2400 Tchoupitoulas St
8/22/2012,2400 Tchoupitoulas St
10/11/2013,2400 Tchoupitoulas St
6/5/2014,2400 Tchoupitoulas St
11/8/2014,2400 Tchoupitoulas St
1/27/2011,2500 Canal St
10/7/2011,2500 Dryades St
7/17/2011,2500 France St
5/30/2014,2500 N Claiborne Ave
2/25/2014,2500 N Derbigny St
5/1/2013,2500 Orleans Ave
10/26/2012,2500 Tchoupitoulas St
11/24/2012,2500 Tchoupitoulas St
9/12/2014,2500 Tchoupitoulas St
3/14/2012,25000 Chef Menteur Hwy
6/3/2011,2600 Gen De Gaulle Drive
4/1/2011,2600 Gentilly Boulevard
9/11/2014,2600 Magazine St
2/19/2014,2600 Magazine St
1/14/2012,2600 Mlk Blvd
2/15/2012,2600 Orleans Ave
2/12/2013,2600 Palmer Ave
12/5/2013,2600 S Dorgenois St
3/3/2013,2600 Saint Claude Ave
5/8/2011,2600 St Charles Ave
2/24/2013,2600 Tchoupitoulas St
3/7/2013,2600 Tchoupitoulas St
3/22/2013,2600 Tchoupitoulas St
8/3/2013,2600 Tchoupitoulas St
9/3/2013,2600 Tchoupitoulas St
9/2/2014,2600 Tchoupitoulas St
6/28/2014,2600 Tchoupitoulas St
8/19/2011,26TH ST & PONTCHARTRAIN BLVD
4/15/2011,2700 Canal St
12/6/2012,2700 Canal St
10/4/2013,2700 Canal St
8/9/2012,2700 Magazine St
7/27/2014,2700 S Broad St
12/14/2014,2700 Saint Philip St
11/25/2012,2700 Tchoupitoulas St
6/28/2013,2700 Tchoupitoulas St
7/6/2013,2700 Tchoupitoulas St
12/21/2014,2700 Tchoupitoulas St
11/3/2012,2700 Tulane Ave
1/22/2013,2700 Tulane Ave
10/4/2013,2800 Constance St
3/4/2011,2800 Dryades St
10/25/2011,2800 Magazine St
2/22/2013,2800 Magazine St
10/31/2013,2800 Magazine St
1/29/2014,2800 Magazine St
4/4/2011,2800 Mlk Boulevard
2/7/2012,2800 Orleans Ave
12/1/2012,2800 S Claiborne Ave
9/22/2014,2800 S Claiborne Ave
9/22/2014,2800 S Claiborne Ave
8/3/2012,2800 Tchoupitoulas St
8/24/2012,2800 Tchoupitoulas St
12/30/2012,2800 Tchoupitoulas St
4/3/2013,2800 Tchoupitoulas St
4/5/2013,2800 Tchoupitoulas St
8/2/2014,2800 Tchoupitoulas St
6/19/2014,2800 Tchoupitoulas St
7/20/2014,2800 Tchoupitoulas St
7/21/2013,2800 Tulane Ave
3/29/2013,28th St & Fleur De Lis Dr
10/22/2011,2900 Canal St
1/1/2014,2900 Dryades St
3/30/2014,2900 Magazine St
5/22/2014,2900 Saint Charles Ave
3/10/2014,2900 Saint Claude Ave
9/30/2011,2900 Tchoupitoulas St
5/22/2013,2900 Tchoupitoulas St
8/19/2013,2900 Tchoupitoulas St
9/28/2013,2900 Tchoupitoulas St
5/29/2014,2900 Tchoupitoulas St
6/21/2014,2900 Tchoupitoulas St
3/30/2014,2900 Tchoupitoulas St
7/19/2014,2900 Tchoupitoulas St
9/29/2012,2900 Tulane Ave
8/12/2012,2nd St & Chippewa St
11/12/2014,2nd St & Magazine St
2/6/2011,2ND ST & ROUSSEAU ST
4/9/2012,2nd St & S Claiborne Ave
7/13/2013,2nd St & S Claiborne Ave
3/12/2011,2ND ST & Tchoupitoulas ST
8/11/2012,2nd St & Tchoupitoulas St
9/5/2012,2nd St & Tchoupitoulas St
10/8/2012,2nd St & Tchoupitoulas St
11/16/2012,2nd St & Tchoupitoulas St
11/18/2012,2nd St & Tchoupitoulas St
11/25/2012,2nd St & Tchoupitoulas St
3/21/2013,2nd St & Tchoupitoulas St
6/15/2013,2nd St & Tchoupitoulas St
7/28/2013,2nd St & Tchoupitoulas St
7/30/2013,2nd St & Tchoupitoulas St
8/28/2013,2nd St & Tchoupitoulas St
8/29/2013,2nd St & Tchoupitoulas St
9/19/2014,300 Bourbon St
7/17/2011,300 Canal St
6/19/2012,300 Canal St
4/23/2012,300 City Park Ave
4/28/2011,300 Conti St
10/29/2014,300 Decatur St
11/5/2011,300 Julia St
3/15/2013,300 N Peters St
4/2/2011,300 North Rampart St
10/2/2012,300 O'Keefe Ave
1/16/2012,300 Royal St
12/18/2012,300 Royal St
6/17/2013,300 Royal St
11/25/2013,300 Saint Joseph St
2/25/2011,300 South White St
1/15/2011,300 St Joseph St
9/14/2014,300 Tchoupitoulas St
7/28/2013,3000 Canal St
9/2/2011,3000 Magazine St
5/9/2014,3000 Magazine St
2/8/2014,3000 Magazine St
6/19/2011,3000 Orleans Ave
5/26/2014,3000 Orleans Ave
5/30/2013,3000 Tchoupitoulas St
10/10/2013,3000 Tchoupitoulas St
6/19/2014,3000 Tchoupitoulas St
2/17/2014,3100 Annunciation St
3/17/2011,3100 Calhoun St
6/3/2014,3100 Elysian Fields Ave
1/28/2012,3100 Gentilly Blvd
1/29/2014,3100 Magazine St
6/4/2012,3100 N Robertson St
2/24/2014,3100 N Robertson St
1/11/2011,3100 North Robertson St
4/6/2012,3100 Saint Charles Ave
5/8/2011,3100 St Charles Ave
9/5/2012,3100 St Claude Ave
6/13/2012,3100 Tchoupitoulas St
9/14/2012,3100 Tchoupitoulas St
10/6/2012,3100 Tchoupitoulas St
12/21/2012,3100 Tchoupitoulas St
12/23/2012,3100 Tchoupitoulas St
4/13/2013,3100 Tchoupitoulas St
6/23/2013,3100 Tchoupitoulas St
6/29/2013,3100 Tchoupitoulas St
7/3/2013,3100 Tchoupitoulas St
7/4/2013,3100 Tchoupitoulas St
7/9/2013,3100 Tchoupitoulas St
7/20/2013,3100 Tchoupitoulas St
8/3/2013,3100 Tchoupitoulas St
8/5/2013,3100 Tchoupitoulas St
8/16/2013,3100 Tchoupitoulas St
8/17/2013,3100 Tchoupitoulas St
8/18/2013,3100 Tchoupitoulas St
9/1/2013,3100 Tchoupitoulas St
9/14/2013,3100 Tchoupitoulas St
10/14/2013,3100 Tchoupitoulas St
4/25/2014,3100 Tchoupitoulas St
5/10/2014,3100 Tchoupitoulas St
9/26/2014,3100 Tchoupitoulas St
9/11/2014,3100 Toledano St
8/3/2013,3200 2nd St
8/8/2013,3200 Calhoun St
2/5/2011,3200 Canal St
11/12/2011,3200 Dauphine St
11/17/2011,3200 Magazine St
12/5/2012,3200 Magazine St
7/17/2014,3200 Magazine St
5/12/2014,3200 Napoleon Ave
2/10/2012,3200 S Carrollton Ave
11/21/2012,3200 S Carrollton Ave
2/27/2014,3200 Saint Charles Ave
2/23/2013,3200 Tchoupitoulas St
12/8/2013,3200 Tchoupitoulas St
11/26/2014,3200 Tchoupitoulas St
10/12/2014,3200 Tchoupitoulas St
11/7/2014,3200 Tchoupitoulas St
8/30/2014,3300 Benefit St
9/19/2012,3300 Canal St
3/18/2013,3300 Canal St
8/29/2013,3300 Earhart Blvd
10/24/2011,3300 Magazine St
9/12/2013,3300 Magazine St
7/28/2014,3300 Napoleon Ave
3/4/2013,3300 Orleans Ave
1/12/2012,3300 Saint Charles Ave
9/9/2011,3300 St Charles Ave
3/19/2014,3300 Tchoupitoulas St
2/6/2014,3300 Tulane Ave
1/1/2012,3400 Canal St
4/28/2012,3400 Canal St
8/21/2014,3400 Canal St
6/26/2014,3400 Constance St
8/26/2013,3400 Earhart Blvd
1/26/2011,3400 Earhart Boulevard
5/28/2012,3400 Esplanade Ave
1/16/2011,3400 Gentilly Boulevard
9/2/2011,3400 Huntlee Drive
2/17/2014,3400 Magazine St
6/12/2011,3400 Magnolia St
12/29/2012,3400 S Carrollton Ave
3/26/2013,3400 S Carrollton Ave
9/8/2014,3400 S Liberty St
8/24/2012,3400 Tchoupitoulas St
10/22/2014,3400 Tchoupitoulas St
12/1/2013,3500 Bienville St
1/23/2014,3500 Chestnut St
10/24/2013,3500 Dryades St
3/11/2013,3500 Garden Oaks Dr
11/30/2012,3500 Magazine St
3/5/2011,3500 Napoleon Ave
3/3/2012,3500 Plymouth Pl
4/27/2012,3500 Tchoupitoulas St
5/11/2012,3500 Tchoupitoulas St
6/24/2012,3500 Tchoupitoulas St
5/3/2014,3500 Tchoupitoulas St
6/12/2014,3500 Tchoupitoulas St
11/2/2012,3600 Canal St
1/9/2013,3600 Earhart Blvd
2/1/2014,3600 Earhart Blvd
2/5/2013,3600 General De Gaulle Dr
5/11/2013,3600 Mac Arthur Blvd
5/23/2012,3600 Magazine St
9/19/2013,3600 Magazine St
2/26/2014,3600 Magazine St
8/3/2014,3600 Magazine St
1/6/2014,3600 Magazine St
8/11/2012,3600 Saint Charles Ave
10/4/2014,3600 Tchoupitoulas St
9/2/2013,3700 Earhart Blvd
10/12/2013,3700 Magazine St
8/8/2014,3700 Napoleon Ave
1/10/2012,3700 Tchoupitoulas St
9/18/2011,3700 Tulane Ave
11/23/2013,3800 General De Gaulle Dr
5/15/2011,3800 Magazine St
8/12/2011,3800 Magazine St
6/26/2013,3800 Magazine St
3/29/2013,3800 Saint Charles Ave
6/5/2011,3800 St Charles Ave
8/29/2014,3800 Tchoupitoulas St
2/13/2012,3800 Tulane Ave
10/1/2014,3800 Tulane Ave
2/4/2011,3900 Canal St
11/12/2014,3900 Canal St
6/18/2012,3900 I-10 E
6/28/2013,3900 Magazine St
8/2/2013,3900 Magazine St
3/7/2014,3900 Magazine St
5/30/2014,3900 Prytania St
7/27/2011,3900 Tchoupitoulas St
11/11/2012,3900 Tchoupitoulas St
5/12/2013,3900 Tchoupitoulas St
8/8/2014,3900 Tchoupitoulas St
1/31/2014,3900 Tchoupitoulas St
5/24/2014,3900 Tchoupitoulas St
10/13/2014,3900 Tchoupitoulas St
3/4/2011,3900 Tulane Ave
8/8/2012,3rd St & Clara St
3/20/2014,3rd St & Constance St
9/16/2011,3RD ST & MAGAZINE ST
5/17/2013,3rd St & Magazine St
7/2/2013,3rd St & Magazine St
11/28/2011,3RD ST & S CLAIBORNE AVE
8/12/2012,3rd St & Tchoupitoulas St
1/13/2012,400 Audubon St
5/7/2011,400 Bienville St
7/21/2012,400 Canal St
5/21/2013,400 Canal St
3/17/2012,400 Chartres St
2/9/2013,400 City Park Ave
5/1/2012,400 Delaronde St
1/29/2011,400 North Carrollton Ave
3/15/2014,400 Poydras St
11/27/2012,400 Ridgeway Blvd
1/19/2011,400 Royal St
9/20/2011,400 South Peters St
2/4/2011,400 St Charles Ave
7/12/2012,4000 Canal St
11/29/2013,4000 Chef Menteur Hwy
2/17/2011,4000 Franklin Ave
8/27/2011,4000 Gen De Gaulle Drive
9/5/2013,4000 Magazine St
11/24/2014,4000 Magazine St
7/11/2014,4000 Magazine St
9/26/2014,4000 Palmyra St
12/13/2013,4000 Saint Charles Ave
5/28/2011,4000 Tchoupitoulas St
9/11/2014,4000 Tchoupitoulas St
7/23/2014,4000 Tchoupitoulas St
5/10/2013,4000 Tulane Ave
8/10/2014,4100 Canal St
5/23/2014,4100 Elba St
2/16/2014,4100 Magazine St
2/7/2013,4100 S Claiborne Ave
9/20/2011,4100 South Claiborne Ave
9/11/2011,4100 St Peter St
6/16/2012,4100 Tchoupitoulas St
4/14/2013,4100 Tchoupitoulas St
9/26/2013,4100 Vendome Pl
6/27/2011,4200 Chef Menteur Hwy
4/30/2012,4200 Magazine St
7/10/2012,4200 Magazine St
1/5/2014,4200 Magazine St
8/24/2014,4200 Magazine St
2/13/2014,4200 Magazine St
7/10/2011,4200 Paris Ave
11/15/2012,4200 Tchoupitoulas St
5/4/2013,4200 Tchoupitoulas St
7/6/2013,4200 Tchoupitoulas St
11/9/2012,4300 Banks St
6/9/2013,4300 Baronne St
10/6/2013,4300 Canal St
8/9/2012,4300 Clio St
5/15/2013,4300 Magazine St
1/23/2014,4300 Magazine St
2/1/2012,4300 S Claiborne Ave
12/24/2013,4300 Saint Charles Ave
8/28/2014,4300 Saint Charles Ave
12/22/2011,4300 Tchoupitoulas St
12/19/2011,4400 Flake Ave
11/23/2013,4400 St Charles Ave
8/29/2014,4400 Tchoupitoulas St
11/13/2014,4500 Bancroft Dr
1/11/2011,4500 Bienville St
9/29/2013,4500 Canal St
4/13/2013,4500 Downman Rd
3/26/2011,4500 Downman Road
9/5/2013,4500 Magazine St
3/20/2014,4500 Magazine St
5/14/2014,4500 Magazine St
7/4/2014,4500 Magazine St
9/16/2012,4500 S Carrollton Ave
10/21/2011,4500 Tchoupitoulas St
6/30/2014,4500 Tchoupitoulas St
4/5/2012,4600 Baccich St
8/8/2012,4600 Chef Menteur Hwy
1/23/2013,4600 Chef Menteur Hwy
5/29/2013,4600 Chef Menteur Hwy
3/30/2014,4600 N Claiborne Ave
8/20/2011,4600 St Charles Ave
12/9/2012,4600 Washington Ave
5/2/2013,4700 Babylon St
2/13/2011,4700 Canal St
7/24/2011,4700 Iberville St
5/10/2013,4700 Magazine St
5/8/2014,4700 Magazine St
3/27/2013,4800 Canal St
2/13/2014,4800 Magazine St
6/20/2012,4800 Rosalia Dr
2/6/2012,4900 Banks St
8/7/2014,4900 Canal St
9/30/2011,4900 Prytania St
7/29/2011,4900 St Charles Ave
1/30/2014,4900 Warren Dr
4/17/2011,4Th St & Camp St
10/25/2014,4th St & Rousseau St
7/11/2014,4th St & Rousseau St
1/15/2011,4Th St & St Charles Ave
8/9/2011,4Th St & St Charles Ave
1/4/2012,4th St & Tchoupitoulas St
5/27/2012,4th St & Tchoupitoulas St
7/27/2012,4th St & Tchoupitoulas St
8/12/2012,4th St & Tchoupitoulas St
9/9/2012,4th St & Tchoupitoulas St
9/13/2012,4th St & Tchoupitoulas St
10/28/2012,4th St & Tchoupitoulas St
3/8/2013,4th St & Tchoupitoulas St
4/3/2013,4th St & Tchoupitoulas St
4/11/2013,4th St & Tchoupitoulas St
5/8/2013,4th St & Tchoupitoulas St
6/2/2013,4th St & Tchoupitoulas St
7/7/2013,4th St & Tchoupitoulas St
7/27/2013,4th St & Tchoupitoulas St
6/12/2014,500 6th St
9/14/2012,500 Andrew Higgins Dr
11/27/2011,500 Basin St
1/15/2011,500 Bourbon St
2/20/2013,500 Bourbon St
1/1/2011,500 Canal St
8/19/2012,500 Canal St
12/6/2013,500 Canal St
8/14/2014,500 Canal St
6/26/2014,500 Canal St
12/3/2011,500 City Park Ave
11/19/2012,500 Clouet St
4/27/2011,500 Common St
12/1/2013,500 Jena St
4/17/2014,500 Milan St
6/8/2013,500 N Rampart St
11/21/2013,500 S Alexander St
9/17/2011,500 South Gayoso St
11/20/2011,500 South Pierce St
10/15/2011,500 St Ferdinand St
9/2/2012,500 Washington Ave
6/29/2011,500 Wiltz Lane
1/9/2012,5000 Canal Blvd
1/18/2014,5000 Canal Blvd
1/18/2014,5000 Canal Blvd
1/1/2014,5000 Canal Blvd
7/6/2014,5000 Canal Blvd
1/27/2011,5000 Canal Boulevard
1/27/2011,5000 Canal Boulevard
12/28/2011,5000 Canal Boulevard
1/11/2011,5000 Canal St
3/20/2011,5000 Canal St
5/19/2011,5000 Canal St
9/2/2011,5000 Canal St
9/15/2011,5000 Canal St
9/19/2011,5000 Canal St
11/4/2011,5000 Canal St
1/26/2012,5000 Canal St
4/1/2012,5000 Canal St
4/15/2012,5000 Canal St
6/1/2012,5000 Canal St
8/3/2012,5000 Canal St
10/17/2012,5000 Canal St
8/16/2014,5000 Canal St
9/18/2014,5000 Canal St
5/13/2014,5000 Canal St
11/30/2014,5000 Canal St
5/9/2012,5000 Chef Menteur Hwy
5/11/2013,5100 Canal Blvd
10/8/2011,5100 Canal Boulevard
2/9/2012,5100 E Nemours St
8/21/2011,5100 Marconi Drive
6/18/2011,5100 Pontchartrain Boulevard
5/17/2012,5100 Press Dr
3/1/2014,5100 Saint Claude Ave
5/13/2013,5100 Saint Ferdinand Dr
3/5/2011,5100 Timber Haven Lane
1/30/2014,5200 Magazine St
9/19/2014,5200 Magazine St
5/20/2012,5200 S Claiborne Ave
2/14/2014,5200 Saint Charles Ave
9/1/2013,5200 Tchoupitoulas St
11/26/2014,5200 Tchoupitoulas St
7/5/2011,5300 Canal Boulevard
6/11/2011,5300 Magazine St
8/29/2013,5300 Magazine St
7/13/2011,5300 Prytania St
9/18/2014,5300 Prytania St
7/26/2011,5300 St Bernard Ave
5/4/2013,5300 Tchoupitoulas St
12/18/2013,5300 Tchoupitoulas St
10/30/2011,5400 Clarence Henry Truckway 
12/24/2012,5400 Elysian Fields Ave
9/2/2012,5400 Fontainebleau Dr
12/22/2011,5400 Tchoupitoulas St
4/4/2013,5400 Tchoupitoulas St
2/15/2012,5500 Clarence Henry Truckway
12/24/2011,5500 Read Boulevard
10/14/2012,5600 Canal Blvd
7/9/2013,5600 Magazine St
12/15/2011,5600 North Claiborne Ave
7/23/2011,5600 Tullis Drive
2/3/2012,5700 Read Blvd
1/4/2014,5700 Saint Charles Ave
4/24/2011,5700 St Charles Ave
8/11/2011,5700 St Charles Ave
5/19/2011,5800 Colbert St
1/19/2011,5800 Louisville St
6/21/2014,5800 Magnolia St
6/21/2014,5800 Magnolia St
10/10/2013,5800 Tchoupitoulas St
2/25/2012,5900 Canal Blvd
6/4/2014,5900 Magazine St
4/7/2012,5900 West End Blvd
7/12/2012,5900 West End Blvd
9/27/2012,5900 West End Blvd
1/5/2013,5900 West End Blvd
3/10/2013,5900 West End Blvd
3/21/2013,5900 West End Blvd
9/4/2013,5900 West End Blvd
4/27/2014,5900 West End Blvd
5/14/2014,5900 West End Blvd
6/5/2011,5900 West End Boulevard
6/7/2011,5900 West End Boulevard
6/11/2011,5900 West End Boulevard
6/12/2011,5900 West End Boulevard
7/21/2011,5900 West End Boulevard
8/24/2011,5900 West End Boulevard
6/6/2013,600 Audubon St
2/13/2011,600 Basin St
2/17/2011,600 Canal St
11/20/2011,600 Florida Boulevard
1/26/2014,600 Harmony St
5/25/2014,600 N Broad St
3/27/2014,600 N Carrollton Ave
9/12/2014,600 N Rampart St
5/7/2014,600 Napoleon Ave
9/5/2013,600 Nashville Ave
9/9/2011,600 Race St
1/10/2013,600 Robert E Lee Blvd
2/3/2011,600 Tchoupitoulas St
10/12/2011,6000 Chef Menteur Hwy
8/30/2011,6000 Magazine St
1/9/2014,6000 Magazine St
10/2/2013,6000 Tchoupitoulas St
10/31/2014,6000 Tchoupitoulas St
2/21/2012,6000 West End Blvd
6/8/2012,6000 West End Blvd
3/30/2013,6000 West End Blvd
4/5/2013,6000 West End Blvd
7/21/2013,6000 West End Blvd
11/3/2011,6000 West End Boulevard
11/20/2011,6000 West End Boulevard
4/19/2012,6100 Tullis Dr
11/23/2012,6100 West End Blvd
1/4/2013,6100 West End Blvd
1/29/2013,6100 West End Blvd
5/29/2014,6100 West End Blvd
7/19/2012,6200 Canal Blvd
9/7/2012,6200 Tchoupitoulas St
1/17/2013,6200 West End Blvd
5/20/2011,6200 West End Boulevard
6/19/2014,6300 Canal Blvd
8/24/2012,6300 Magazine St
9/5/2011,6300 St Charles Ave
10/20/2011,6300 St Charles Ave
3/13/2014,6400 Canal Blvd
5/13/2012,6400 Fontainebleau Dr
11/11/2012,6400 River Dr
1/4/2012,6400 West End Blvd
3/5/2012,6400 West End Blvd
10/18/2012,6500 Chef Menteur Hwy
12/11/2011,6500 Magazine St
7/3/2011,6500 River Drive
5/1/2011,6500 West End Boulevard
6/8/2014,6600 West End Blvd
3/14/2011,6700 Chef Menteur Hwy
8/24/2013,6700 Chef Menteur Hwy
12/16/2013,6700 Chef Menteur Hwy
3/15/2014,6700 Hayne Blvd
7/5/2013,6700 Tara Ln
5/15/2011,6700 West End Boulevard
8/27/2011,6800 Chef Menteur Hwy
3/15/2013,6800 Pontchartrain Blvd
2/17/2011,6800 West End Boulevard
7/7/2013,6900 Downman Rd
9/25/2014,6900 Saint Charles Ave
6/9/2012,6th St & Chippewa St
5/27/2012,6th St & Freret St
6/28/2013,6th St & Livaudais St
9/8/2011,6TH ST & MAGAZINE ST
11/4/2011,6TH ST & MAGAZINE ST
6/10/2012,6th St & S Saratoga St
1/27/2012,6th St & Tchoupitoulas St
6/27/2012,6th St & Tchoupitoulas St
7/5/2012,6th St & Tchoupitoulas St
10/5/2012,6th St & Tchoupitoulas St
4/18/2013,6th St & Tchoupitoulas St
5/6/2013,6th St & Tchoupitoulas St
5/30/2013,6th St & Tchoupitoulas St
7/28/2013,6th St & Tchoupitoulas St
8/10/2013,6th St & Tchoupitoulas St
9/6/2013,6th St & Tchoupitoulas St
12/31/2013,6th St & Tchoupitoulas St
10/5/2014,6th St & Tchoupitoulas St
9/25/2013,700 Broadway St
12/19/2013,700 Calliope St
7/23/2012,700 Conti St
7/11/2014,700 Dumaine St
4/26/2014,700 Elysian Fields Ave
2/25/2012,700 Flood St
6/28/2011,700 Howard Ave
5/18/2011,700 Iberville St
8/25/2011,700 Jefferson Ave
10/2/2011,700 Jefferson Ave
2/11/2012,700 Louisiana Ave
3/3/2013,700 Louisiana Ave
7/22/2013,700 Napoleon Ave
3/26/2011,700 North Broad St
9/11/2011,700 North Broad St
7/17/2013,700 Poland Ave
8/25/2012,700 Robert E Lee Blvd
11/12/2011,700 Robert E Lee Boulevard
9/8/2012,700 S Broad St
10/4/2014,700 S Broad St
2/11/2014,700 S Broad St
8/1/2014,700 Saint Louis St
10/14/2011,700 South Carrollton Ave
9/1/2012,700 Ursulines Ave
3/16/2011,7000 Bundy Road
5/24/2014,7100 Chef Menteur Hwy
10/16/2012,7100 Salem Dr
7/7/2013,7200 Almonaster Ave
12/21/2014,7200 Chef Menteur Hwy
2/17/2013,7200 Ring St
5/21/2014,7300 Lakeshore Dr
6/2/2012,7400 Chef Menteur Hwy
1/1/2011,7500 Chef Menteur Hwy
9/17/2011,7500 Chef Menteur Hwy
11/17/2011,7500 Maple St
1/19/2013,7500 Seabrook Pl
7/27/2012,7600 Oak St
3/30/2014,7600 Plum St
9/26/2013,7700 Benjamin St
5/22/2012,7700 Berg Rd
7/23/2012,7700 Saint Charles Ave
7/14/2013,7800 Chef Menteur Hwy
10/30/2011,7800 Plum St
4/3/2013,7900 Breakwater Dr
11/20/2011,7900 Chef Menteur Hwy
2/26/2011,7900 Maple St
12/17/2014,7900 Olive St
8/11/2012,7th St & Annunciation St
8/16/2012,7th St & Baronne St
9/7/2011,7Th St & Magazine St
5/3/2013,7th St & Magazine St
5/30/2013,7th St & Magazine St
7/17/2012,7th St & Saint Charles Ave
5/6/2013,7th St & Saint Charles Ave
4/13/2013,7th St & Saint Thomas St
6/2/2014,7th St & Saint Thomas St
9/9/2011,7Th St & Tchoupitoulas St
6/11/2012,7th St & Tchoupitoulas St
6/30/2012,7th St & Tchoupitoulas St
7/28/2012,7th St & Tchoupitoulas St
8/10/2012,7th St & Tchoupitoulas St
3/23/2013,7th St & Tchoupitoulas St
8/27/2013,7th St & Tchoupitoulas St
5/22/2014,7th St & Tchoupitoulas St
10/21/2014,7th St & Tchoupitoulas St
10/15/2013,800 Alvar St
2/28/2012,800 Bienville St
1/1/2012,800 Canal St
6/27/2012,800 Canal St
2/26/2011,800 Conti St
3/5/2013,800 Conti St
1/27/2012,800 Elysian Fields Ave
1/25/2014,800 Hagan Ave
2/3/2013,800 Harrison Ave
8/30/2012,800 Iberville St
8/2/2014,800 Lakeshore Dr
5/11/2014,800 Louisiana Ave
2/10/2012,800 N Claiborne Ave
7/27/2013,800 Napoleon Ave
4/18/2011,800 South Peters St
12/2/2014,800 Taft Pl
2/19/2011,800 Tchoupitoulas St
5/4/2012,8000 Jourdan Rd
9/13/2012,8000 Oak St
7/22/2013,8100 Chef Menteur Hwy
9/7/2012,8300 Palm St
1/19/2014,8500 S Claiborne Ave
10/19/2013,8700 Airline Hwy
11/12/2011,8700 Chef Menteur Hwy
8/20/2013,8th St & Camp St
5/31/2013,8th St & Magazine St
7/1/2012,8th St & Tchoupitoulas St
7/25/2012,8th St & Tchoupitoulas St
9/8/2012,8th St & Tchoupitoulas St
10/6/2012,8th St & Tchoupitoulas St
10/20/2012,8th St & Tchoupitoulas St
11/7/2011,900 Canal St
7/13/2012,900 Cherokee St
1/25/2014,900 Hagan Ave
1/27/2011,900 Jefferson Ave
10/4/2012,900 Louisiana Ave
5/23/2014,900 Moss St
1/16/2013,900 N Rampart St
6/10/2014,900 N Rampart St
1/18/2014,900 Napoleon Ave
10/8/2014,900 Poeyfarre St
10/4/2013,900 Robert E Lee Blvd
1/2/2011,900 Toulouse St
4/15/2012,900 Ursulines Ave
6/2/2012,9000 Airline Hwy
1/12/2011,9200 Airline Hwy
3/3/2011,9200 Airline Hwy
11/17/2012,9200 Airline Hwy
10/7/2013,9300 Apricot St
10/18/2013,9500 Airline Hwy
5/11/2014,9500 Chef Menteur Hwy
3/8/2013,9900 Dwyer Rd
2/11/2011,9Th St & Magazine St
5/7/2012,9th St & Tchoupitoulas St
8/23/2012,9th St & Tchoupitoulas St
8/26/2012,9th St & Tchoupitoulas St
11/17/2012,9th St & Tchoupitoulas St
11/24/2012,9th St & Tchoupitoulas St
3/12/2013,9th St & Tchoupitoulas St
3/20/2013,9th St & Tchoupitoulas St
3/21/2013,9th St & Tchoupitoulas St
7/7/2013,9th St & Tchoupitoulas St
7/18/2013,9th St & Tchoupitoulas St
8/10/2013,9th St & Tchoupitoulas St
9/1/2014,9th St & Tchoupitoulas St
12/24/2011,A P Tureaud Ave & N Broad St
2/4/2012,A P Tureaud Ave & N Broad St
5/13/2011,A P Tureaud Ave & N Galvez St
4/4/2013,A P Tureaud Ave & N Galvez St
12/21/2013,A P Tureaud Ave & N Galvez St
1/8/2011,A P Tureaud Ave & N Johnson St
12/28/2014,A P Tureaud Ave & N Johnson St
2/23/2014,A P Tureaud Ave & Old Prieur St
9/22/2011,Abundance St & Elysian Fields Av
9/22/2011,Abundance St & Elysian Fields Av
9/23/2011,Abundance St & Elysian Fields Av
9/23/2011,Abundance St & Elysian Fields Av
9/23/2011,Abundance St & Elysian Fields Av
9/23/2011,Abundance St & Elysian Fields Av
9/23/2011,Abundance St & Elysian Fields Av
9/23/2011,Abundance St & Elysian Fields Av
11/9/2012,Abundance St & Elysian Fields Av
11/9/2012,Abundance St & Elysian Fields Av
11/9/2012,Abundance St & Elysian Fields Av
11/9/2012,Abundance St & Elysian Fields Av
11/9/2012,Abundance St & Elysian Fields Av
11/9/2012,Abundance St & Elysian Fields Av
12/27/2014,Abundance St & Republic St
1/4/2011,Acacia St & Clematis St
6/23/2011,Adams St & Maple St
6/6/2013,Adams St & Oak St
2/19/2012,Adams St & S Claiborne Ave
11/30/2012,Agriculture St & Elysian Fields
7/31/2011,Airline Hwy & Cecil St
7/31/2011,Airline Hwy & Cecil St
7/31/2011,Airline Hwy & Cecil St
7/31/2011,Airline Hwy & Cecil St
11/4/2011,Airline Hwy & Eagle St
11/26/2011,Airline Hwy & I-10 E
5/31/2012,Airline Hwy & I-10 E
11/25/2012,Airline Hwy & I-10 E
7/1/2011,Airline Hwy & I-10 W
4/30/2011,Airline Hwy & Mistletoe St
10/20/2012,Alabo St & Dauphine St
2/26/2012,Alcee Fortier Blvd & Dwyer Blvd
10/30/2013,Aline St & Camp St
7/9/2013,Aline St & Chestnut St
3/6/2012,Aline St & Magazine St
8/6/2014,Aline St & Magazine St
4/11/2013,Aline St & Prytania St
4/11/2013,Aline St & Saint Charles Ave
3/23/2012,Aline St & Tchoupitoulas St
2/24/2013,Aline St & Tchoupitoulas St
5/5/2013,Aline St & Tchoupitoulas St
9/3/2014,Aline St & Tchoupitoulas St
3/28/2011,Almonaster Ave & France Rd
11/4/2012,Almonaster Ave & Jourdan Rd
7/2/2011,Almonaster Ave & Louisa St
7/30/2013,Alonzo St & Tchoupitoulas St
7/10/2011,Alvar St & Higgins Blvd
4/24/2012,Alvar St & Saint Claude Ave
8/31/2012,Amelia St & Magazine St
5/1/2013,Amelia St & Magazine St
6/4/2013,Amelia St & Magazine St
4/16/2014,Amelia St & Prytania St
3/31/2012,Amelia St & S Claiborne Ave
12/23/2013,Amelia St & S Claiborne Ave
2/24/2011,Amelia St & Tchoupitoulas St
6/4/2011,Andrew Higgins Blvd & Annunciati
8/3/2011,Andrew Higgins Blvd & Camp St
12/13/2013,Andrew Higgins Blvd & Constance St
4/2/2011,Andrew Higgins Blvd & Magazine S
4/2/2011,Andrew Higgins Blvd & Magazine S
4/2/2011,Andrew Higgins Blvd & Magazine S
4/2/2011,Andrew Higgins Blvd & Magazine S
4/2/2011,Andrew Higgins Blvd & Magazine S
4/2/2011,Andrew Higgins Blvd & Magazine S
1/15/2011,Andrew Higgins Blvd & Tchoupitoulas
1/16/2011,Andrew Higgins Blvd & Tchoupitoulas
4/1/2011,Andrew Higgins Blvd & Tchoupitoulas
4/7/2011,Andrew Higgins Blvd & Tchoupitoulas
5/15/2011,Andrew Higgins Blvd & Tchoupitoulas
5/20/2011,Andrew Higgins Blvd & Tchoupitoulas
5/21/2011,Andrew Higgins Blvd & Tchoupitoulas
6/3/2011,Andrew Higgins Blvd & Tchoupitoulas
6/3/2011,Andrew Higgins Blvd & Tchoupitoulas
6/3/2011,Andrew Higgins Blvd & Tchoupitoulas
6/4/2011,Andrew Higgins Blvd & Tchoupitoulas
6/4/2011,Andrew Higgins Blvd & Tchoupitoulas
6/4/2011,Andrew Higgins Blvd & Tchoupitoulas
7/16/2011,Andrew Higgins Blvd & Tchoupitoulas
8/7/2011,Andrew Higgins Blvd & Tchoupitoulas
9/18/2011,Andrew Higgins Blvd & Tchoupitoulas
9/24/2011,Andrew Higgins Blvd & Tchoupitoulas
9/30/2011,Andrew Higgins Blvd & Tchoupitoulas
10/1/2011,Andrew Higgins Blvd & Tchoupitoulas
10/1/2011,Andrew Higgins Blvd & Tchoupitoulas
10/1/2011,Andrew Higgins Blvd & Tchoupitoulas
10/1/2011,Andrew Higgins Blvd & Tchoupitoulas
10/1/2011,Andrew Higgins Blvd & Tchoupitoulas
10/1/2011,Andrew Higgins Blvd & Tchoupitoulas
11/18/2011,Andrew Higgins Blvd & Tchoupitoulas
11/18/2011,Andrew Higgins Blvd & Tchoupitoulas
12/3/2011,Andrew Higgins Blvd & Tchoupitoulas
12/10/2011,Andrew Higgins Blvd & Tchoupitoulas
12/10/2011,Andrew Higgins Blvd & Tchoupitoulas
12/17/2011,Andrew Higgins Blvd & Tchoupitoulas
12/17/2011,Andrew Higgins Blvd & Tchoupitoulas
12/18/2011,Andrew Higgins Blvd & Tchoupitoulas
12/29/2011,Andrew Higgins Blvd & Tchoupitoulas
12/29/2011,Andrew Higgins Blvd & Tchoupitoulas
12/30/2011,Andrew Higgins Blvd & Tchoupitoulas
12/30/2011,Andrew Higgins Blvd & Tchoupitoulas
12/30/2011,Andrew Higgins Blvd & Tchoupitoulas
12/30/2011,Andrew Higgins Blvd & Tchoupitoulas
3/20/2014,Andrew Higgins Blvd & Tchoupitoulas St
10/17/2014,Andrew Higgins Dr & Annunciation St
10/17/2014,Andrew Higgins Dr & Annunciation St
8/15/2012,Andrew Higgins Dr & Camp St
11/24/2012,Andrew Higgins Dr & Camp St
6/6/2012,Andrew Higgins Dr & Constance St
8/3/2014,Andrew Higgins Dr & S Peters St
10/24/2013,Andrew Higgins Dr & Tchoupitoulas St
10/24/2013,Andrew Higgins Dr & Tchoupitoulas St
10/25/2013,Andrew Higgins Dr & Tchoupitoulas St
10/25/2013,Andrew Higgins Dr & Tchoupitoulas St
11/20/2013,Andrew Higgins Dr & Tchoupitoulas St
11/21/2013,Andrew Higgins Dr & Tchoupitoulas St
11/21/2013,Andrew Higgins Dr & Tchoupitoulas St
11/21/2013,Andrew Higgins Dr & Tchoupitoulas St
10/17/2014,Andrew Higgins Dr & Tchoupitoulas St
5/9/2014,Andrew Higgins Dr & Tchoupitoulas St
10/17/2014,Andrew Higgins Dr & Tchoupitoulas St
1/6/2012,Andrew Higgins Dr & Tchoupitoulasla
1/21/2012,Andrew Higgins Dr & Tchoupitoulasla
2/4/2012,Andrew Higgins Dr & Tchoupitoulasla
2/25/2012,Andrew Higgins Dr & Tchoupitoulasla
3/21/2012,Andrew Higgins Dr & Tchoupitoulasla
3/30/2012,Andrew Higgins Dr & Tchoupitoulasla
3/31/2012,Andrew Higgins Dr & Tchoupitoulasla
4/2/2012,Andrew Higgins Dr & Tchoupitoulasla
4/11/2012,Andrew Higgins Dr & Tchoupitoulasla
4/29/2012,Andrew Higgins Dr & Tchoupitoulasla
5/5/2012,Andrew Higgins Dr & Tchoupitoulasla
5/16/2012,Andrew Higgins Dr & Tchoupitoulasla
5/27/2012,Andrew Higgins Dr & Tchoupitoulasla
6/17/2012,Andrew Higgins Dr & Tchoupitoulasla
7/4/2012,Andrew Higgins Dr & Tchoupitoulasla
7/5/2012,Andrew Higgins Dr & Tchoupitoulasla
7/18/2012,Andrew Higgins Dr & Tchoupitoulasla
8/2/2012,Andrew Higgins Dr & Tchoupitoulasla
8/2/2012,Andrew Higgins Dr & Tchoupitoulasla
8/19/2012,Andrew Higgins Dr & Tchoupitoulasla
10/6/2012,Andrew Higgins Dr & Tchoupitoulasla
10/19/2012,Andrew Higgins Dr & Tchoupitoulasla
11/22/2012,Andrew Higgins Dr & Tchoupitoulasla
12/2/2012,Andrew Higgins Dr & Tchoupitoulasla
12/15/2012,Andrew Higgins Dr & Tchoupitoulasla
12/15/2012,Andrew Higgins Dr & Tchoupitoulasla
12/15/2012,Andrew Higgins Dr & Tchoupitoulasla
12/15/2012,Andrew Higgins Dr & Tchoupitoulasla
12/15/2012,Andrew Higgins Dr & Tchoupitoulasla
12/15/2012,Andrew Higgins Dr & Tchoupitoulasla
12/15/2012,Andrew Higgins Dr & Tchoupitoulasla
12/15/2012,Andrew Higgins Dr & Tchoupitoulasla
12/16/2012,Andrew Higgins Dr & Tchoupitoulasla
3/17/2013,Andrew Higgins Dr & Tchoupitoulasla
6/1/2013,Andrew Higgins Dr & Tchoupitoulasla
6/24/2013,Andrew Higgins Dr & Tchoupitoulasla
6/29/2013,Andrew Higgins Dr & Tchoupitoulasla
6/30/2013,Andrew Higgins Dr & Tchoupitoulasla
7/6/2013,Andrew Higgins Dr & Tchoupitoulasla
7/18/2013,Andrew Higgins Dr & Tchoupitoulasla
7/19/2013,Andrew Higgins Dr & Tchoupitoulasla
7/19/2013,Andrew Higgins Dr & Tchoupitoulasla
7/19/2013,Andrew Higgins Dr & Tchoupitoulasla
7/19/2013,Andrew Higgins Dr & Tchoupitoulasla
10/18/2013,Annette St & N Derbigny St
3/20/2014,Annunciation St & Andrew Higgins Blvd
10/25/2013,Annunciation St & Andrew Higgins Dr
10/17/2014,Annunciation St & Andrew Higgins Dr
6/3/2012,Annunciation St & Antonine St
5/5/2011,Annunciation St & Bellecastle St
5/5/2013,Annunciation St & Bordeaux St
1/22/2011,Annunciation St & Calliope St
4/24/2011,Annunciation St & Calliope St
5/17/2011,Annunciation St & Calliope St
7/8/2011,Annunciation St & Calliope St
8/27/2011,Annunciation St & Calliope St
9/9/2011,Annunciation St & Calliope St
2/22/2012,Annunciation St & Calliope St
3/30/2012,Annunciation St & Calliope St
5/12/2012,Annunciation St & Calliope St
6/8/2012,Annunciation St & Calliope St
9/28/2013,Annunciation St & Calliope St
9/28/2013,Annunciation St & Calliope St
9/28/2013,Annunciation St & Calliope St
9/28/2013,Annunciation St & Calliope St
9/28/2013,Annunciation St & Calliope St
10/18/2013,Annunciation St & Calliope St
10/18/2013,Annunciation St & Calliope St
10/18/2013,Annunciation St & Calliope St
10/18/2013,Annunciation St & Calliope St
11/30/2013,Annunciation St & Calliope St
8/29/2014,Annunciation St & Calliope St
1/22/2014,Annunciation St & Calliope St
7/17/2014,Annunciation St & Calliope St
7/18/2014,Annunciation St & Calliope St
7/21/2014,Annunciation St & Calliope St
9/23/2013,Annunciation St & Dufossat St
10/22/2011,Annunciation St & Erato St
11/25/2011,Annunciation St & Erato St
9/17/2013,Annunciation St & Euterpe St
7/26/2014,Annunciation St & Felicity St
1/22/2013,Annunciation St & General Pershi
1/18/2013,Annunciation St & Jefferson Ave
6/18/2011,Annunciation St & John Churchill
8/24/2011,Annunciation St & John Churchill
3/19/2012,Annunciation St & John Churchill
11/6/2012,Annunciation St & Joseph St
10/24/2013,Annunciation St & Joseph St
6/23/2011,Annunciation St & Leontine St
4/7/2013,Annunciation St & Louisiana Ave
7/18/2013,Annunciation St & Louisiana Ave
10/3/2013,Annunciation St & Louisiana Ave
5/20/2011,Annunciation St & Lyons St
10/30/2012,Annunciation St & Napoleon Ave
5/21/2011,Annunciation St & Poeyfarre St
8/7/2014,Annunciation St & Poeyfarre St
7/17/2014,Annunciation St & Poeyfarre St
8/26/2011,Annunciation St & Race St
4/27/2014,Annunciation St & Race St
11/29/2014,Annunciation St & Saint Andrew St
5/4/2011,Annunciation St & Terpsichore St
6/23/2012,Annunciation St & US90B E
10/13/2012,Annunciation St & US90B E
7/30/2011,Annunciation St & Valence St
5/7/2011,Annunciation St & Washington Ave
5/11/2013,Antonine St & Magazine St
4/30/2012,Antonine St & Prytania St
10/12/2012,Antonine St & Tchoupitoulas St
2/11/2011,Apple St & Fontainebleau Dr
2/26/2011,Apricot St & S Carrollton Ave
2/5/2012,Arabella St & Tchoupitoulas St
2/22/2012,Arabella St & Tchoupitoulas St
12/5/2011,Argonne Blvd & Polk Ave
2/6/2011,Arts St & Gentilly Blvd
7/21/2014,Athis St & Lafaye St
2/10/2013,Audubon Blvd & S Claiborne Ave
2/4/2013,Audubon Park Entranc & Saint Cha
8/12/2011,Audubon Pl & St Charles Ave
7/23/2011,Audubon St & Freret St
5/5/2011,Audubon St & Magazine St
11/9/2011,Audubon St & Magazine St
11/18/2012,Audubon St & Plum St
5/10/2013,Audubon St & S Claiborne Ave
5/9/2013,Audubon St & Saint Charles Ave
1/9/2012,Austerlitz St & Tchoupitoulas St
2/7/2013,Baccich St & Frankfort St
12/2/2011,Baccich St & Selma St
5/12/2012,Banks St & S Broad St
5/22/2012,Banks St & S Carrollton Ave
8/26/2012,Banks St & S Carrollton Ave
7/5/2013,Banks St & S Carrollton Ave
6/28/2014,Banks St & S Carrollton Ave
9/29/2011,Banks St & S Jeff Davis Pkwy
7/4/2011,Banks St & S Pierce St
12/15/2012,Banks St & S Salcedo St
6/26/2011,Banks St & S Telemachus St
5/27/2011,Baronne St & Calliope St
8/5/2011,Baronne St & Calliope St
2/12/2012,Baronne St & Calliope St
3/1/2012,Baronne St & Calliope St
3/1/2012,Baronne St & Calliope St
3/2/2012,Baronne St & Calliope St
3/2/2012,Baronne St & Calliope St
3/2/2012,Baronne St & Calliope St
3/2/2012,Baronne St & Calliope St
3/2/2012,Baronne St & Calliope St
4/15/2012,Baronne St & Calliope St
6/29/2012,Baronne St & Calliope St
6/29/2012,Baronne St & Calliope St
6/29/2012,Baronne St & Calliope St
9/21/2013,Baronne St & Calliope St
3/27/2014,Baronne St & Calliope St
3/28/2014,Baronne St & Calliope St
1/24/2014,Baronne St & Calliope St
3/2/2011,Baronne St & Canal St
8/10/2011,Baronne St & Canal St
1/22/2011,Baronne St & Common St
8/22/2012,Baronne St & Gravier St
12/21/2014,Baronne St & Gravier St
1/27/2011,Baronne St & Howard Ave
12/17/2011,Baronne St & Howard Ave
7/24/2011,Baronne St & Louisiana Ave
7/6/2014,Baronne St & Louisiana Ave
11/24/2011,Baronne St & Napoleon Ave
3/31/2013,Baronne St & Napoleon Ave
6/6/2012,Baronne St & Saint Joseph St
12/11/2014,Baronne St & Washington Ave
3/4/2014,Barracks & River
7/5/2014,Barracks St & Decatur St
7/9/2011,Barracks St & N Broad St
5/13/2011,Barracks St & N Peters St
7/30/2011,Barracks St & N Peters St
8/27/2011,Barracks St & N Peters St
7/10/2011,Basin Exit & N Robertson St
1/5/2011,Basin St & Bienville St
1/27/2011,Basin St & Canal St
8/27/2014,Basin St & Canal St
1/5/2014,Basin St & N Claiborne Ave
2/6/2011,Basin St & N Robertson St
8/27/2011,Basin St & N Robertson St
6/16/2012,Basin St & N Robertson St
9/9/2012,Basin St & Saint Louis St
4/21/2014,Basin St & Saint Louis St
12/13/2014,Basin St & Saint Louis St
6/2/2012,Basin St & Saint Peter St
6/2/2012,Basin St & Saint Peter St
6/2/2012,Basin St & Saint Peter St
6/2/2012,Basin St & Saint Peter St
6/2/2012,Basin St & Saint Peter St
6/2/2012,Basin St & Saint Peter St
6/20/2014,Basin St & Saint Peter St
6/20/2014,Basin St & Saint Peter St
12/13/2014,Basin St & Saint Peter St
5/29/2014,Basin St & St Louis St
7/10/2011,Basin St & St Peter St
6/20/2014,Basin St & St Peter St
6/20/2014,Basin St & St Peter St
6/20/2014,Basin St & St Peter St
8/2/2012,Baudin St & S Broad St
11/25/2011,Baudin St & S Carrollton Ave
11/24/2011,Baudin St & S Clark St
9/7/2013,Baudin St & S Jefferson Davis Pk
7/1/2012,Bayou Rd & N Broad St
11/27/2011,Bayou Rd & N Derbigny St
1/27/2014,Bayou Rd & N Derbigny St
12/18/2012,Bayou Rd & N Prieur St
1/5/2013,Bayou Sauvage & I-10
5/24/2011,Behrman Ave & Gen De Gaulle Dr
3/23/2012,Behrman Ave & General De Gaulle
6/29/2012,Behrman Ave & General De Gaulle
7/26/2013,Behrman Ave & General De Gaulle
1/1/2011,Behrman Hwy & Florence Ave
8/12/2011,Belfast St & S Carrollton Ave
1/31/2012,Belfast St & S Carrollton Ave
5/7/2012,Belfast St & S Carrollton Ave
6/1/2012,Belfast St & S Carrollton Ave
7/5/2012,Bellaire Dr & W Harrison Ave
1/20/2012,Bellecastle St & Magazine St
12/29/2012,Bellecastle St & Tchoupitoulas S
9/13/2014,Bellecastle St & Tchoupitoulas St
7/13/2014,Benjamin St & Burdette St
5/3/2013,Bennett St & Patterson
8/4/2012,Bienville St & Burgundy St
2/3/2011,Bienville St & Chartres St
12/6/2011,Bienville St & City Park Ave
2/5/2011,Bienville St & Dauphine St
5/26/2014,Bienville St & N Bernadotte St
1/15/2011,Bienville St & N Broad St
5/10/2011,Bienville St & N Carrollton Ave
12/10/2011,Bienville St & N Carrollton Ave
5/18/2012,Bienville St & N Carrollton Ave
9/15/2012,Bienville St & N Carrollton Ave
3/13/2014,Bienville St & N Carrollton Ave
3/2/2011,Bienville St & N Claiborne Ave
2/11/2012,Bienville St & N Claiborne Ave
8/10/2012,Bienville St & N Claiborne Ave
4/6/2011,Bienville St & N Jeff Davis Pkwy
9/18/2011,Bienville St & N Peters St
5/31/2013,Bienville St & N Peters St
9/3/2013,Bienville St & N Roman St
4/2/2011,Birch St & Dante St
1/29/2011,Birch St & Joliet St
5/3/2013,Birch St & Lowerline St
2/9/2014,Birch St & Short St
12/29/2014,Bolivar St & Poydras St
6/4/2011,Bordeaux St & Chestnut St
1/31/2014,Bordeaux St & Laurel St
5/8/2012,Bordeaux St & Magazine St
9/18/2012,Bordeaux St & Magazine St
5/23/2013,Bordeaux St & Magazine St
8/9/2013,Bordeaux St & Saint Charles Ave
5/23/2011,Bouny St & Evelina St
3/4/2011,Bourbon St & Canal St
2/23/2012,Bourbon St & Canal St
6/7/2012,Bourbon St & Conti St
10/3/2013,Bourbon St & Iberville St
7/9/2012,Bourbon St & Saint Philip St
4/10/2013,Bourbon St & Toulouse St
1/1/2014,Bourbon St & Toulouse St
7/1/2011,Bragg St & West End Blvd
7/1/2011,Broad St Exit & I-610 W
3/2/2014,Broadway St & Birch St
10/31/2012,Broadway St & Burthe St
2/10/2013,Broadway St & Fontainebleau Dr
3/6/2011,Broadway St & Freret St
2/11/2011,Broadway St & Hampson St
7/14/2012,Broadway St & Hampson St
4/27/2011,Broadway St & Plum St
3/20/2011,Broadway St & S Claiborne Ave
4/20/2012,Broadway St & S Claiborne Ave
10/20/2012,Broadway St & S Claiborne Ave
2/3/2013,Broadway St & S Claiborne Ave
3/23/2013,Broadway St & S Claiborne Ave
5/8/2013,Broadway St & S Claiborne Ave
8/9/2013,Broadway St & S Claiborne Ave
9/8/2013,Broadway St & S Claiborne Ave
1/9/2014,Broadway St & S Claiborne Ave
8/24/2012,Broadway St & Saint Charles Ave
10/5/2012,Broadway St & Saint Charles Ave
5/5/2013,Broadway St & Saint Charles Ave
5/27/2013,Broadway St & Saint Charles Ave
5/14/2011,Broadway St & St Charles Ave
3/11/2012,Broadway St & Willow St
9/1/2011,Broadway St & Zimple St
5/28/2012,Broadway St & Zimple St
8/1/2012,Broadway St & Zimple St
10/10/2012,Broadway St & Zimple St
1/5/2013,Brutus St & Warrington Dr
3/9/2011,Bullard & I-10 E
3/22/2011,Bullard & I-10 E
5/25/2011,Bullard & I-10 E
11/11/2011,Bullard & I-10 E
5/2/2012,Bullard & I-10 E
6/5/2012,Bullard & I-10 E
6/28/2012,Bullard & I-10 E
7/10/2012,Bullard & I-10 E
3/11/2013,Bullard & I-10 E
7/1/2012,Bullard & I-10 W
3/27/2013,Bullard & I-10 W
5/30/2013,Bullard Ave & Chef Menteur Hwy
9/10/2013,Bullard Ave & I-10 W
10/15/2012,Bullard Ave & Lake Forest Blvd
6/8/2014,Bullard Ave & Lake Forest Blvd
8/19/2011,Bullard Ave & N I-10 Service Rd
5/2/2012,Bullard Ave & N I-10 Service Rd
11/10/2012,Bullard Ave & S I-10 Service Rd
2/10/2011,Bullard Exit & I-10 E
2/3/2012,Bullard Exit & I-10 E
3/16/2012,Bundy Rd & Morrison Rd
5/11/2012,Bundy Rd & S I-10 Service Rd
9/30/2011,Burdette St & Maple St
11/8/2011,Burdette St & S Claiborne Ave
1/3/2011,Burgundy St & Canal St
7/24/2011,Burgundy St & Canal St
2/15/2011,Burgundy St & Conti St
6/4/2011,Burgundy St & Conti St
5/19/2013,Burgundy St & Conti St
7/6/2011,Burgundy St & Louisa St
3/2/2014,Burgundy St & Piety St
1/9/2011,Burgundy St & Toulouse St
4/14/2013,Burgundy St & Ursulines Ave
8/19/2012,Burthe St & Hillary St
1/20/2011,Burthe St & Pine St
3/13/2011,Burthe St & S Carrollton Ave
5/14/2014,Cadiz St & Laurel St
7/29/2013,Cadiz St & Magazine St
9/19/2014,Cadiz St & Magazine St
12/17/2013,Cadiz St & Prytania St
8/23/2014,Cadiz St & Tchoupitoulas St
2/15/2011,Calhoun St & Freret St
11/19/2011,Calhoun St & Freret St
2/11/2012,Calhoun St & S Claiborne Ave
11/19/2014,Calhoun St & S Claiborne Ave
4/23/2014,Calhoun St & S Johnson St
4/11/2012,Calhoun St & Saint Charles Ave
10/18/2013,Calliope St & Annunciation St
10/18/2013,Calliope St & Annunciation St
10/18/2013,Calliope St & Annunciation St
9/20/2014,Calliope St & Annunciation St
7/17/2014,Calliope St & Annunciation St
7/18/2014,Calliope St & Annunciation St
7/18/2014,Calliope St & Annunciation St
7/18/2014,Calliope St & Annunciation St
9/21/2013,Calliope St & Baronne St
9/21/2013,Calliope St & Baronne St
9/21/2013,Calliope St & Baronne St
3/28/2014,Calliope St & Baronne St
3/28/2014,Calliope St & Baronne St
3/28/2014,Calliope St & Baronne St
3/28/2014,Calliope St & Baronne St
3/28/2014,Calliope St & Baronne St
4/17/2013,Calliope St & Camp St
1/8/2014,Calliope St & Camp St
5/22/2011,Calliope St & Carondelet St
1/29/2011,Calliope St & Carondelet St
1/29/2011,Calliope St & Carondelet St
1/29/2011,Calliope St & Carondelet St
1/29/2011,Calliope St & Carondelet St
1/29/2011,Calliope St & Carondelet St
5/21/2011,Calliope St & Carondelet St
5/22/2011,Calliope St & Carondelet St
5/22/2011,Calliope St & Carondelet St
5/22/2011,Calliope St & Carondelet St
5/22/2011,Calliope St & Carondelet St
5/22/2011,Calliope St & Carondelet St
5/22/2011,Calliope St & Carondelet St
5/22/2011,Calliope St & Carondelet St
8/19/2011,Calliope St & Carondelet St
8/19/2011,Calliope St & Carondelet St
8/19/2011,Calliope St & Carondelet St
8/19/2011,Calliope St & Carondelet St
8/20/2011,Calliope St & Carondelet St
8/20/2011,Calliope St & Carondelet St
8/20/2011,Calliope St & Carondelet St
10/5/2011,Calliope St & Carondelet St
3/24/2012,Calliope St & Carondelet St
3/30/2012,Calliope St & Carondelet St
4/18/2012,Calliope St & Carondelet St
5/13/2012,Calliope St & Carondelet St
9/29/2012,Calliope St & Carondelet St
9/29/2012,Calliope St & Carondelet St
9/29/2012,Calliope St & Carondelet St
9/29/2012,Calliope St & Carondelet St
9/29/2012,Calliope St & Carondelet St
1/10/2013,Calliope St & Carondelet St
1/11/2013,Calliope St & Carondelet St
5/18/2013,Calliope St & Carondelet St
5/18/2013,Calliope St & Carondelet St
5/18/2013,Calliope St & Carondelet St
6/7/2013,Calliope St & Carondelet St
4/13/2014,Calliope St & Carondelet St
3/4/2012,Calliope St & Convention Center
4/21/2012,Calliope St & Convention Center
5/16/2012,Calliope St & Convention Center
6/10/2012,Calliope St & Convention Center
3/30/2013,Calliope St & Convention Center
12/7/2013,Calliope St & Convention Center Blvd
9/7/2014,Calliope St & Convention Center Blvd
9/11/2014,Calliope St & Convention Center Blvd
7/6/2012,Calliope St & Loyola Ave
10/6/2013,Calliope St & Loyola Ave
8/8/2012,Calliope St & Magazine St
9/27/2012,Calliope St & Magazine St
11/16/2012,Calliope St & Magazine St
8/19/2013,Calliope St & Magazine St
8/4/2014,Calliope St & Magazine St
8/7/2014,Calliope St & Magazine St
5/16/2014,Calliope St & Magazine St
5/16/2014,Calliope St & Magazine St
6/21/2012,Calliope St & Oretha Castle Hale
7/17/2012,Calliope St & Prytania St
6/6/2011,Calliope St & S Peters St
7/23/2011,Calliope St & S Peters St
8/5/2013,Calliope St & S Peters St
8/3/2012,Calliope St & Saint Charles Ave
9/29/2012,Calliope St & Saint Charles Ave
3/10/2013,Calliope St & Saint Charles Ave
4/21/2011,Calliope St & St Charles Ave
6/1/2011,Calliope St & St Charles Ave
6/8/2011,Calliope St & St Charles Ave
2/28/2014,Calliope St & St Charles Ave
8/21/2013,Calliope St & Tchoupitoulas Exit
4/6/2014,Calliope St & Tchoupitoulas Exit
9/16/2011,Calliope St & Tchoupitoulas St
9/18/2011,Calliope St & Tchoupitoulas St
10/6/2011,Calliope St & Tchoupitoulas St
10/7/2011,Calliope St & Tchoupitoulas St
11/7/2011,Calliope St & Tchoupitoulas St
3/8/2012,Calliope St & Tchoupitoulas St
4/1/2012,Calliope St & Tchoupitoulas St
6/18/2012,Calliope St & Tchoupitoulas St
8/23/2012,Calliope St & Tchoupitoulas St
8/29/2013,Calliope St & Tchoupitoulas St
2/9/2014,Calliope St & Tchoupitoulas St
5/22/2014,Calliope St & Tchoupitoulas St
7/19/2011,Cambronne St & Forshey St
8/13/2014,Cambronne St & Leake Ave
3/23/2013,Cambronne St & S Claiborne Ave
8/6/2014,Camp Pl & Felicity St
8/2/2014,Camp Pl & Race St
5/13/2014,Camp St & 8th St
1/3/2011,Camp St & Canal St
4/8/2011,Camp St & Canal St
9/17/2014,Camp St & Canal St
3/18/2011,Camp St & Felicity St
9/27/2013,Camp St & General Pershing St
10/8/2014,Camp St & Jackson Ave
8/9/2011,Camp St & Jefferson Ave
7/18/2014,Camp St & Julia St
12/23/2013,Camp St & Lafayette St
4/1/2012,Camp St & Louisiana Ave
8/3/2012,Camp St & Louisiana Ave
8/5/2012,Camp St & Louisiana Ave
10/7/2013,Camp St & Louisiana Ave
10/17/2013,Camp St & Louisiana Ave
9/10/2014,Camp St & Louisiana Ave
2/1/2012,Camp St & Melpomene St
2/18/2011,Camp St & Napoleon Ave
5/25/2012,Camp St & Napoleon Ave
8/29/2013,Camp St & Napoleon Ave
3/17/2012,Camp St & Poydras St
2/1/2013,Camp St & Poydras St
7/11/2014,Camp St & Robert St
7/31/2014,Camp St & St Mary St
4/1/2012,Camp St & Terpsichore St
6/4/2014,Camp St & Thalia St
1/1/2014,Camp St & Thalia St
4/11/2011,Camp St & Us90B E
1/18/2012,Camp St & US90B E
2/4/2012,Camp St & US90B E
3/7/2012,Camp St & US90B E
7/30/2013,Camp St & Valence St
8/23/2013,Camp St & Washington Ave
3/17/2011,Canal Blvd & City Park Ave
4/17/2011,Canal Blvd & City Park Ave
6/22/2011,Canal Blvd & City Park Ave
7/15/2011,Canal Blvd & City Park Ave
9/8/2011,Canal Blvd & City Park Ave
9/20/2011,Canal Blvd & City Park Ave
1/10/2012,Canal Blvd & City Park Ave
3/21/2012,Canal Blvd & City Park Ave
4/8/2012,Canal Blvd & City Park Ave
6/16/2012,Canal Blvd & City Park Ave
12/31/2014,Canal Blvd & City Park Ave
1/4/2014,Canal Blvd & City Park Ave
12/9/2011,Canal Blvd & Germain St
6/19/2011,Canal Blvd & Harrison Ave
6/28/2011,Canal Blvd & Harrison Ave
7/11/2011,Canal Blvd & Harrison Ave
11/12/2011,Canal Blvd & Harrison Ave
1/28/2012,Canal Blvd & Harrison Ave
4/24/2012,Canal Blvd & Harrison Ave
5/15/2012,Canal Blvd & Harrison Ave
9/26/2012,Canal Blvd & Harrison Ave
10/4/2012,Canal Blvd & Harrison Ave
12/20/2011,Canal Blvd & Homedale Ave
8/22/2014,Canal Blvd & Homedale Ave
5/18/2011,Canal Blvd & I-610 E
8/19/2011,Canal Blvd & I-610 E
3/2/2013,Canal Blvd & I-610 E
3/3/2013,Canal Blvd & I-610 E
12/18/2011,Canal Blvd & I-610 W
9/15/2012,Canal Blvd & I-610 W
11/20/2011,Canal Blvd & Navarre Ave
5/7/2014,Canal Blvd & Navarre Ave
2/24/2012,Canal Blvd & Robert E Lee Blvd
5/16/2012,Canal Blvd & Robert E Lee Blvd
11/5/2012,Canal Blvd Exit & I-610 W
9/29/2011,Canal Exit & I-610 E
2/26/2014,Canal St & Baronne St
8/27/2014,Canal St & Baronne St
6/29/2014,Canal St & Baronne St
12/17/2014,Canal St & Basin St
5/31/2014,Canal St & Bourbon St
12/2/2013,Canal St & Burgundy St
1/6/2013,Canal St & Carondelet St
2/18/2011,Canal St & Chartres St
10/7/2011,Canal St & Chartres St
10/23/2011,Canal St & Chartres St
7/7/2012,Canal St & Chartres St
6/23/2011,Canal St & City Park Ave
6/29/2011,Canal St & City Park Ave
3/16/2012,Canal St & Crozat St
4/1/2012,Canal St & Crozat St
6/15/2012,Canal St & Crozat St
1/16/2011,Canal St & Dauphine St
2/7/2011,Canal St & Dauphine St
2/15/2011,Canal St & Dauphine St
11/15/2013,Canal St & Dauphine St
10/31/2011,Canal St & Decatur St
9/23/2012,Canal St & Decatur St
3/3/2013,Canal St & Decatur St
7/5/2013,Canal St & Decatur St
11/12/2011,Canal St & Elk Pl
8/14/2012,Canal St & Elk Pl
8/26/2012,Canal St & Elk Pl
11/6/2012,Canal St & Elk Pl
2/4/2013,Canal St & Elk Pl
5/9/2011,Canal St & I-10 W
7/2/2011,Canal St & Magazine St
5/10/2011,Canal St & Marais St
1/16/2012,Canal St & Marais St
4/12/2012,Canal St & Marais St
2/22/2014,Canal St & N Broad Ave
11/13/2013,Canal St & N Broad St
11/28/2013,Canal St & N Broad St
8/15/2011,Canal St & N Carrollton Ave
10/27/2012,Canal St & N Carrollton Ave
1/19/2014,Canal St & N Carrollton Ave
7/18/2014,Canal St & N Carrollton Ave
11/29/2011,Canal St & N Claiborne Ave
12/23/2011,Canal St & N Claiborne Ave
2/12/2012,Canal St & N Claiborne Ave
12/22/2012,Canal St & N Claiborne Ave
1/15/2013,Canal St & N Claiborne Ave
12/14/2013,Canal St & N Claiborne Ave
8/31/2014,Canal St & N Claiborne Ave
9/13/2014,Canal St & N Claiborne Ave
7/1/2011,Canal St & N Clark St
4/24/2012,Canal St & N Clark St
12/3/2012,Canal St & N Galvez St
8/1/2011,Canal St & N Gayoso St
5/31/2013,Canal St & N Gayoso St
2/11/2011,Canal St & N Jeff Davis Pkwy
3/19/2011,Canal St & N Jeff Davis Pkwy
8/31/2012,Canal St & N Jefferson Davis Pkw
7/31/2013,Canal St & N Jefferson Davis Pkw
11/12/2011,Canal St & N Miro St
11/6/2011,Canal St & N Olympia St
3/26/2012,Canal St & N Peters St
2/22/2014,Canal St & N Peters St
12/4/2012,Canal St & N Prieur St
2/7/2012,Canal St & N Rampart St
4/23/2012,Canal St & N Rampart St
4/4/2013,Canal St & N Rampart St
7/17/2013,Canal St & N Rampart St
11/24/2013,Canal St & N Rampart St
11/30/2013,Canal St & N Rampart St
12/3/2014,Canal St & N Rampart St
6/23/2014,Canal St & N Rampart St
8/26/2012,Canal St & N Rendon St
10/23/2013,Canal St & N Saint Patrick St
1/31/2011,Canal St & N Solomon St
1/1/2012,Canal St & N Tonti St
9/7/2012,Canal St & N Tonti St
7/5/2012,Canal St & N Villere St
5/8/2011,Canal St & Royal St
7/13/2011,Canal St & Royal St
11/13/2011,Canal St & Royal St
9/23/2013,Canal St & Royal St
3/11/2014,Canal St & S Alexander St
5/3/2014,Canal St & S Broad St
4/27/2011,Canal St & S Carrollton Ave
7/31/2011,Canal St & S Carrollton Ave
8/15/2011,Canal St & S Carrollton Ave
1/12/2012,Canal St & S Carrollton Ave
3/24/2012,Canal St & S Carrollton Ave
6/10/2012,Canal St & S Carrollton Ave
12/15/2012,Canal St & S Carrollton Ave
12/20/2012,Canal St & S Carrollton Ave
4/21/2013,Canal St & S Carrollton Ave
6/9/2013,Canal St & S Carrollton Ave
8/2/2014,Canal St & S Carrollton Ave
2/21/2014,Canal St & S Carrollton Ave
6/18/2011,Canal St & S Claiborne Ave
7/12/2011,Canal St & S Claiborne Ave
3/17/2013,Canal St & S Claiborne Ave
3/28/2013,Canal St & S Claiborne Ave
10/22/2014,Canal St & S Claiborne Ave
8/29/2014,Canal St & S Claiborne Ave
9/2/2014,Canal St & S Claiborne Ave
8/3/2012,Canal St & S Derbigny St
2/4/2013,Canal St & S Derbigny St
8/3/2012,Canal St & S Dorgenois St
7/8/2011,Canal St & S Galvez St
7/23/2014,Canal St & S Galvez St
1/27/2011,Canal St & S Jeff Davis Pkwy
1/30/2011,Canal St & S Jeff Davis Pkwy
4/27/2011,Canal St & S Jeff Davis Pkwy
7/30/2011,Canal St & S Jeff Davis Pkwy
9/17/2011,Canal St & S Jeff Davis Pkwy
9/21/2011,Canal St & S Jeff Davis Pkwy
10/27/2011,Canal St & S Jeff Davis Pkwy
8/5/2012,Canal St & S Jefferson Davis Pkw
8/12/2012,Canal St & S Jefferson Davis Pkw
8/26/2012,Canal St & S Jefferson Davis Pkw
1/19/2013,Canal St & S Jefferson Davis Pkw
6/16/2013,Canal St & S Jefferson Davis Pkw
7/2/2013,Canal St & S Jefferson Davis Pkw
7/5/2013,Canal St & S Jefferson Davis Pkw
9/28/2014,Canal St & S Jefferson Davis Pkwy
7/23/2013,Canal St & S Liberty St
11/25/2013,Canal St & S Murat St
11/2/2013,Canal St & S Pierce St
2/22/2014,Canal St & S Pierce St
9/11/2012,Canal St & S Prieur St
2/3/2011,Canal St & S Rampart St
2/3/2011,Canal St & S Rampart St
7/2/2011,Canal St & S Rampart St
7/2/2012,Canal St & S Rampart St
11/30/2013,Canal St & S Rampart St
3/3/2014,Canal St & S Rampart St
5/4/2013,Canal St & S Rendon St
12/1/2014,Canal St & S Rendon St
1/26/2012,Canal St & S Robertson St
9/5/2012,Canal St & S Robertson St
8/17/2011,Canal St & S Rocheblave St
2/5/2012,Canal St & S Rocheblave St
1/26/2012,Canal St & S Roman St
1/27/2011,Canal St & S Salcedo St
7/31/2011,Canal St & S Scott St
8/24/2014,Canal St & S Scott St
1/30/2011,Canal St & S St Patrick St
6/8/2013,Canal St & S Telemachus St
2/6/2013,Canal St & Saint Charles Ave
12/5/2011,Canal St & St Charles Ave
4/9/2012,Canal St & Tchoupitoulas St
1/7/2011,Canal St & Treme St
8/26/2011,Canal St & University Pl
3/15/2012,Capdeville St & Magazine St
10/13/2014,Carondelet St & Calliope St
5/12/2014,Carondelet St & Canal St
6/10/2011,Carondelet St & Common St
6/30/2014,Carondelet St & Common St
7/17/2013,Carondelet St & Constantinople S
10/29/2011,Carondelet St & Howard Ave
7/16/2011,Carondelet St & Josephine St
8/28/2014,Carondelet St & Josephine St
2/26/2011,Carondelet St & Louisiana Ave
6/16/2011,Carondelet St & Louisiana Ave
7/4/2011,Carondelet St & Louisiana Ave
10/3/2012,Carondelet St & Louisiana Ave
10/24/2013,Carondelet St & Louisiana Ave
9/4/2014,Carondelet St & Louisiana Ave
9/2/2011,Carondelet St & Napoleon Ave
11/16/2012,Carondelet St & Napoleon Ave
5/26/2012,Carondelet St & Poydras St
2/12/2011,Carondelet St & Thalia St
8/9/2014,Carondelet St & Upperline St
8/27/2011,Carondelet St & Us90B E
3/28/2012,Carondelet St & US90B W
1/13/2012,Carondelet St & Washington Ave
1/18/2011,Carrollton Airline Exit & I-10 W
1/23/2011,Carrollton Airline Exit & I-10 W
9/7/2011,Carrollton Ave Onramp & I-10 E
9/28/2011,Cartier Ave & Robert E Lee Blvd
8/16/2012,Catina St & Polk Ave
6/25/2011,Caton Ct & Paris Ave
3/29/2012,Celeste St & Tchoupitoulas St
9/4/2011,Cerise Ave & Chef Menteur Hwy
8/11/2012,Chantilly Dr & Chef Menteur Hwy
10/24/2014,Chartres St & Canal St
9/25/2013,Chartres St & Elysian Fields Ave
2/28/2014,Chartres St & Iberville St
9/15/2012,Chartres St & Lesseps St
6/18/2011,Chartres St & Port St
6/6/2014,Chartres St & Press St
5/21/2011,Chartres St & Spain St
5/28/2011,Chartres St & St Ferdinand St
5/28/2011,Chartres St & St Ferdinand St
3/24/2014,Chef Menteur Blvd & Crowder Blvd
9/20/2012,Chef Menteur Bridge & Downman Rd
8/17/2013,Chef Menteur Bridge & Downman Rd
6/4/2011,Chef Menteur Exit & I-10 E
4/12/2011,Chef Menteur Exit & I-510 S
2/27/2012,Chef Menteur Exit & I-510 S
7/24/2012,Chef Menteur Hwy & Congress Dr
2/16/2012,Chef Menteur Hwy & Crowder Blvd
5/15/2013,Chef Menteur Hwy & Crowder Blvd
2/7/2014,Chef Menteur Hwy & Crowder Blvd
11/15/2011,Chef Menteur Hwy & Desire Pkwy
3/6/2012,Chef Menteur Hwy & Desire Pkwy
6/17/2012,Chef Menteur Hwy & Desire Pkwy
7/19/2012,Chef Menteur Hwy & Desire Pkwy
9/25/2012,Chef Menteur Hwy & Desire Pkwy
11/29/2014,Chef Menteur Hwy & Desire Pkwy
11/21/2014,Chef Menteur Hwy & Desire Pkwy
4/21/2011,Chef Menteur Hwy & Downman Rd
7/11/2012,Chef Menteur Hwy & Downman Rd
4/14/2013,Chef Menteur Hwy & Downman Rd
12/12/2013,Chef Menteur Hwy & Downman Rd
4/18/2011,Chef Menteur Hwy & France Rd
3/10/2011,Chef Menteur Hwy & Gentilly Blvd
12/19/2014,Chef Menteur Hwy & Good Dr
12/21/2012,Chef Menteur Hwy & I-10 E
1/28/2013,Chef Menteur Hwy & I-10 E
5/27/2011,Chef Menteur Hwy & I-10 W
11/30/2011,Chef Menteur Hwy & I-10 W
1/7/2013,Chef Menteur Hwy & I-510 N
4/27/2013,Chef Menteur Hwy & I-510 N
4/27/2014,Chef Menteur Hwy & Longfellow Dr
1/13/2011,Chef Menteur Hwy & Louisa Dr
12/24/2011,Chef Menteur Hwy & Louisa Dr
1/15/2012,Chef Menteur Hwy & Louisa Dr
4/9/2012,Chef Menteur Hwy & Louisa Dr
10/21/2012,Chef Menteur Hwy & Louisa Dr
2/2/2013,Chef Menteur Hwy & Louisa Dr
2/26/2012,Chef Menteur Hwy & Michoud Blvd
5/24/2012,Chef Menteur Hwy & Michoud Blvd
12/22/2012,Chef Menteur Hwy & Michoud Blvd
4/29/2012,Chef Menteur Hwy & Papania Dr
8/14/2011,Chef Menteur Hwy & Press Dr
11/24/2011,Chef Menteur Hwy & Press Dr
4/29/2012,Chef Menteur Hwy & Press Dr
4/11/2012,Chef Menteur Hwy & Read Blvd
9/10/2012,Chef Menteur Hwy & Werner Dr
8/5/2011,Chef Menteur Hwy & Wilson Ave
11/9/2012,Chef Menteur Hwy & Wilson Ave
2/28/2014,Chef Menteur Hwy & Wright Rd
7/20/2011,Chelsea Dr & Patterson Dr
7/20/2012,Cherokee St & Hampson St
10/31/2013,Cherokee St & Pearl St
7/9/2012,Cherokee St & Saint Charles Ave
8/31/2012,Cherokee St & Saint Charles Ave
2/24/2012,Cherokee St & Zimple St
9/21/2013,Chestnut St & 4th St
4/9/2013,Chestnut St & Jackson Ave
7/18/2013,Chestnut St & Jackson Ave
4/15/2013,Chestnut St & Louisiana Ave
12/20/2011,Chippewa St & Jackson Ave
8/10/2012,Chippewa St & Louisiana Ave
1/25/2012,Chippewa St & Orange St
6/3/2012,Chippewa St & Pleasant St
11/6/2013,Chippewa St & Saint Mary St
9/17/2013,City Park Ave & Canal Blvd
6/10/2014,City Park Ave & Canal Blvd
9/25/2013,City Park Ave & City Park Exit
4/9/2011,City Park Ave & Conti St
7/25/2011,City Park Ave & Conti St
1/22/2011,City Park Ave & I-10 E
2/18/2011,City Park Ave & I-10 E
12/17/2011,City Park Ave & I-10 E
1/20/2011,City Park Ave & I-10 W
4/27/2011,City Park Ave & I-10 W
5/26/2011,City Park Ave & I-10 W
9/8/2011,City Park Ave & I-10 W
9/29/2011,City Park Ave & I-10 W
9/30/2011,City Park Ave & I-10 W
10/16/2011,City Park Ave & I-10 W
10/28/2011,City Park Ave & I-10 W
10/28/2011,City Park Ave & I-10 W
1/12/2012,City Park Ave & I-10 W
3/1/2012,City Park Ave & I-10 W
3/3/2012,City Park Ave & I-10 W
3/21/2012,City Park Ave & I-10 W
4/26/2012,City Park Ave & I-10 W
5/16/2012,City Park Ave & I-10 W
6/9/2012,City Park Ave & I-10 W
6/17/2012,City Park Ave & I-10 W
6/29/2012,City Park Ave & I-10 W
8/24/2012,City Park Ave & I-10 W
10/27/2012,City Park Ave & I-10 W
10/28/2012,City Park Ave & I-10 W
12/16/2012,City Park Ave & I-10 W
5/12/2013,City Park Ave & I-10 W
6/13/2013,City Park Ave & I-10 W
6/26/2013,City Park Ave & I-10 W
8/21/2013,City Park Ave & I-10 W
9/5/2013,City Park Ave & I-10 W
4/17/2014,City Park Ave & I-10 W
9/25/2011,City Park Ave & Marconi Dr
8/6/2013,City Park Ave & Marconi Dr
6/6/2014,City Park Ave & N Carrollton Ave
11/3/2014,City Park Ave & N Carrollton Ave
8/5/2011,City Park Ave & Orleans Ave
5/3/2012,City Park Ave & Orleans Ave
8/4/2012,City Park Ave & Orleans Ave
7/5/2014,City Park Ave & Orleans Ave
8/4/2013,City Park Ave & Sherwood Forest
12/10/2011,City Park Exit & I-10 W
1/19/2012,City Park Exit & I-10 W
6/20/2012,Claiborne Onramp & I-10 E
11/19/2011,Clara St & Jackson Ave
5/4/2013,Clara St & Louisiana Ave
7/18/2011,Clara St & Napoleon Ave
8/18/2011,Clara St & Napoleon Ave
6/22/2013,Clara St & Robert St
1/15/2012,Clarence Henry Truckway & Felici
3/18/2012,Clements Dr & Mayo Blvd
7/7/2012,Clermont Dr & Gentilly Blvd
8/20/2011,Cleveland Ave & I-10 W
8/29/2014,Cleveland Ave & S Claiborne Ave
5/11/2012,Cleveland Ave & S Hennessey St
6/26/2014,Cleveland Ave & S Robertson St
12/8/2014,Cleveland Ave & S Scott St
2/10/2011,Cleveland Ave & S St Patrick St
4/11/2013,Clio St & Freret St
12/16/2012,Clio St & Prytania St
7/20/2012,Clio St & Saint Charles Ave
10/27/2011,Clio St & St Charles Ave
10/1/2011,Clouet St & N Derbigny St
11/3/2013,Clouet St & N Robertson St
11/19/2012,Clouet St & Saint Claude Ave
7/13/2013,Clover St & Peoples Ave
1/16/2011,Cohn St & Leonidas St
10/11/2011,Cohn St & Leonidas St
8/5/2011,Cohn St & Short St
8/16/2013,Coliseum St & Dufossat St
7/13/2012,Coliseum St & Euterpe St
12/27/2012,Coliseum St & Nashville Ave
1/7/2012,Coliseum St & Saint Andrew St
7/15/2013,Coliseum St & Washington Ave
2/8/2013,Columbus St & N Villere St
11/30/2013,Commerce St & Julia St
12/14/2013,Common St & O'Keefe Ave
7/16/2014,Common St & S Rampart St
1/27/2013,Common St & Saint Charles Ave
11/25/2011,Common St & St Charles Ave
2/25/2011,Conery St & St Charles Ave
12/7/2011,Conery St & St Charles Ave
8/22/2014,Constance St & Andrew Higgins Dr
4/8/2012,Constance St & Felicity St
8/20/2012,Constance St & Foucher St
8/8/2011,Constance St & Jefferson Ave
11/22/2012,Constance St & Lyons St
6/16/2011,Constance St & Napoleon Ave
7/22/2011,Constance St & Napoleon Ave
10/24/2012,Constance St & Nashville Ave
12/1/2012,Constance St & Nashville Ave
7/27/2012,Constance St & Octavia St
2/27/2011,Constance St & Thalia St
6/7/2012,Constance St & Toledano St
7/30/2014,Constantinople St & Saint Charles Ave
10/29/2011,Constitution St & Hebert Dr
9/18/2014,Conti St & Bourbon St
1/28/2011,Conti St & Dauphine St
4/22/2011,Conti St & Decatur St
5/13/2011,Conti St & N Front St
7/6/2011,Conti St & N Jeff Davis Pkwy
2/2/2013,Conti St & N Jefferson Davis Pkw
12/23/2011,Conti St & N Peters St
1/13/2012,Conti St & N Peters St
6/2/2013,Conti St & N Peters St
6/30/2013,Conti St & N Peters St
11/3/2013,Conti St & N Peters St
3/18/2011,Conti St & N Rampart St
8/27/2011,Conti St & N Rampart St
8/14/2011,Conti St & Royal St
10/20/2011,Conti St & Royal St
10/30/2011,Conti St & Royal St
11/3/2014,Convention Center Blvd & Canal St
5/2/2011,Convention Center Blvd & Girod S
10/27/2011,Convention Center Blvd & Henders
8/24/2011,Convention Center Blvd & Julia S
10/29/2011,Convention Center Blvd & Julia S
11/18/2012,Convention Center Blvd & Julia S
6/4/2012,Convention Center Blvd & Poydras
5/28/2011,Convention Center Blvd & St Jose
6/24/2011,Crowder Blvd & Hayne Blvd
9/4/2014,Crowder Blvd & Hwy 90
3/1/2011,Crowder Blvd & I-10 E
2/18/2012,Crowder Blvd & I-10 E
3/30/2012,Crowder Blvd & I-10 E
6/16/2012,Crowder Blvd & I-10 E
8/7/2012,Crowder Blvd & I-10 E
11/17/2012,Crowder Blvd & I-10 E
2/21/2013,Crowder Blvd & I-10 E
8/6/2013,Crowder Blvd & I-10 E
1/17/2011,Crowder Blvd & I-10 W
2/4/2012,Crowder Blvd & I-10 W Onramp
3/22/2014,Crowder Blvd & Lake Forest Blvd
8/20/2012,Crowder Blvd & S I-10 Service Rd
5/15/2011,Crowder Blvd Exit & I-10 E
9/2/2012,Crowder Blvd Exit & I-10 W
9/22/2011,Cucullu St & Nashville Ave
8/13/2011,D'Hemecourt St & S Jeff Davis Pk
9/9/2012,Dale St & Dreux Ave
10/31/2012,Danneel St & Harmony St
8/9/2012,Danneel St & Louisiana Ave
6/5/2013,Danneel St & Louisiana Ave
6/28/2013,Danneel St & Louisiana Ave
2/15/2012,Danneel St & Washington Ave
8/15/2013,Dante St & Oak St
9/5/2014,Dauphine St & Canal St
1/25/2013,Dauphine St & Independence St
3/13/2011,Dauphine St & Press St
1/17/2013,Dauphine St & Saint Louis St
11/29/2014,Dauphine St & Saint Louis St
11/30/2014,Dauphine St & St Louis St
8/16/2014,David St & Iberville St
12/3/2013,De Battista Pl & Gen Meyer Ave
2/4/2011,De Saix Blvd & Moss St
4/27/2012,De Saix Blvd & Moss St
7/16/2011,De Saix Blvd & Tensas St
5/24/2013,De Saix Blvd & Wisner Blvd
10/6/2014,Decatur St & Canal St
2/6/2014,Decatur St & Dumaine St
7/14/2013,Decatur St & Elysian Fields Ave
8/6/2011,Decatur St & Esplanade Ave
7/8/2012,Decatur St & Esplanade Ave
7/30/2013,Decatur St & Saint Louis St
6/24/2011,Decatur St & St Ferdinand St
3/23/2011,Decatur St & St Louis St
7/2/2011,Decatur St & Toulouse St
9/21/2011,Decatur St & Toulouse St
11/11/2011,Decatur St & Toulouse St
12/15/2013,Decatur St & Toulouse St
12/9/2013,Delachaise St & La Salle St
10/11/2012,Delachaise St & Magazine St
4/25/2013,Delachaise St & Magazine St
10/10/2014,Delachaise St & S Claiborne Ave
8/24/2012,Delachaise St & Saint Charles Av
1/20/2011,Delachaise St & St Charles Ave
1/21/2011,Delachaise St & St Charles Ave
5/28/2011,Delachaise St & St Charles Ave
7/26/2012,Delachaise St & Tchoupitoulas St
10/7/2012,Delachaise St & Tchoupitoulas St
7/14/2013,Delachaise St & Tchoupitoulas St
5/18/2014,Delachaise St & Tchoupitoulas St
6/6/2014,Delachaise St & Tchoupitoulas St
7/26/2012,Desire Pkwy & Old Gentilly Rd
4/24/2013,Desire St & N Galvez St
11/10/2013,Desire St & Saint Claude Ave
12/2/2011,Desire St & St Claude Ave
8/20/2011,Diagonal Dr & Harrison Ave
11/14/2012,Dickens Dr & Zion St
1/24/2014,Dominican St & Walnut St
5/14/2012,Donner Dr & Westbank Expy In Onr
6/25/2013,Dove St & Robert E Lee Blvd
8/5/2013,Downman Rd & Dwyer Rd
9/11/2011,Downman Rd & Monroe St
3/20/2014,Downman Rd & Stars And Stripes Blvd
10/27/2011,Dryades St & Dufossat St
2/28/2013,Dryades St & General Pershing St
4/9/2011,Dryades St & Upperline St
10/14/2012,Dublin St & Forshey St
12/30/2012,Dublin St & Oak St
2/6/2013,Dublin St & Palmetto St
4/13/2012,Dublin St & Plum St
12/14/2012,Dufossat St & Saint Charles Ave
6/20/2013,Dufossat St & Saint Charles Ave
12/20/2011,Dufossat St & St Charles Ave
11/16/2011,Dufossat St & Tchoupitoulas St
1/26/2013,Dufossat St & Tchoupitoulas St
12/29/2013,Dumaine St & N Carrollton Ave
3/31/2011,Dumaine St & N Rampart St
4/11/2011,Dumaine St & N Rampart St
1/4/2012,Dumaine St & N Rampart St
12/5/2011,Dumaine St & Royal St
2/3/2012,E Homestead Dr & W Homestead Dr
11/13/2012,Eagle St & Earhart Blvd
10/23/2013,Earhart Blvd & Broadway St
9/27/2014,Earhart Blvd & Broadway St
7/16/2011,Earhart Blvd & Hamilton St
5/24/2013,Earhart Blvd & Hollygrove St
4/28/2012,Earhart Blvd & Magnolia St
1/9/2014,Earhart Blvd & Magnolia St
4/12/2014,Earhart Blvd & Magnolia St
9/9/2013,Earhart Blvd & Mistletoe St
10/2/2011,Earhart Blvd & Mlk Blvd
10/5/2014,Earhart Blvd & Monroe St
8/17/2012,Earhart Blvd & Pine St
8/18/2014,Earhart Blvd & Pine St
2/28/2014,Earhart Blvd & S Broad St
1/18/2014,Earhart Blvd & S Claiborne Ave
12/17/2014,Earhart Blvd & S Claiborne Ave
10/18/2014,Earhart Blvd & S Dupre St
10/10/2012,Earhart Blvd & S Galvez St
2/27/2011,Earhart Blvd & S Jeff Davis Pkwy
9/25/2011,Earhart Blvd & S Jeff Davis Pkwy
1/17/2014,Earhart Blvd & S Liberty St
9/25/2011,Earhart Blvd & Washington Ave
8/2/2012,Earhart Blvd & Washington Ave
3/29/2014,Earhart Blvd & Washington Ave
2/20/2012,East Dr & Tchoupitoulas St
11/29/2012,East Dr & Tchoupitoulas St
5/31/2012,Easter Ln & General Meyer Ave
2/4/2012,Eastern St & Gentilly Blvd
4/29/2011,Edenboro Rd & Lake Forest Blvd
11/8/2014,Edinburgh St & Dublin St
12/6/2011,Egania St & Marais St
10/16/2014,Eleonore St & Annunciation St
11/7/2012,Eleonore St & Saint Charles Ave
9/23/2011,Eliza St & Elmira Ave
3/2/2014,Elk Pl & Cleveland Ave
10/16/2014,Elk Pl & Tulane Ave
12/13/2012,Ellen Park Pl & Patterson
1/14/2012,Elmira Ave & Opelousas Ave
10/2/2013,Elysian Fields Ave & Chartres St
12/4/2013,Elysian Fields Ave & Chartres St
12/3/2014,Elysian Fields Ave & Chartres St
3/5/2011,Elysian Fields Ave & Gentilly Bl
5/1/2011,Elysian Fields Ave & Gentilly Bl
6/30/2012,Elysian Fields Ave & Gentilly Bl
8/18/2012,Elysian Fields Ave & Gentilly Bl
11/21/2012,Elysian Fields Ave & Gentilly Bl
12/19/2014,Elysian Fields Ave & Gentilly Blvd
10/4/2012,Elysian Fields Ave & I-10 E
10/20/2012,Elysian Fields Ave & I-10 E
11/4/2012,Elysian Fields Ave & I-10 E
12/14/2012,Elysian Fields Ave & I-10 E
1/14/2011,Elysian Fields Ave & I-10 W
9/25/2011,Elysian Fields Ave & I-10 W
7/21/2012,Elysian Fields Ave & I-10 W
10/1/2012,Elysian Fields Ave & I-10 W
1/19/2013,Elysian Fields Ave & I-10 W
5/27/2013,Elysian Fields Ave & I-10 W
10/8/2012,Elysian Fields Ave & I-610 E
4/11/2013,Elysian Fields Ave & I-610 E
5/6/2013,Elysian Fields Ave & I-610 E
5/2/2011,Elysian Fields Ave & Madrid St
12/6/2012,Elysian Fields Ave & Marais St
9/18/2013,Elysian Fields Ave & Marais St
8/16/2013,Elysian Fields Ave & Milton St
2/23/2014,Elysian Fields Ave & N Claiborne Ave
4/21/2011,Elysian Fields Ave & N Galvez St
7/8/2014,Elysian Fields Ave & N Johnson St
6/15/2013,Elysian Fields Ave & N Miro St
1/27/2012,Elysian Fields Ave & N Peters St
1/28/2012,Elysian Fields Ave & N Peters St
1/30/2012,Elysian Fields Ave & N Peters St
8/10/2012,Elysian Fields Ave & N Peters St
8/10/2012,Elysian Fields Ave & N Peters St
5/25/2013,Elysian Fields Ave & N Peters St
5/25/2013,Elysian Fields Ave & N Peters St
5/25/2013,Elysian Fields Ave & N Peters St
5/25/2013,Elysian Fields Ave & N Peters St
12/21/2013,Elysian Fields Ave & N Peters St
12/21/2013,Elysian Fields Ave & N Peters St
12/21/2013,Elysian Fields Ave & N Peters St
12/21/2013,Elysian Fields Ave & N Peters St
12/21/2013,Elysian Fields Ave & N Peters St
10/3/2012,Elysian Fields Ave & N Robertson
1/18/2012,Elysian Fields Ave & N Villere S
12/11/2011,Elysian Fields Ave & Prentiss Av
7/27/2014,Elysian Fields Ave & Prentiss Ave
12/9/2012,Elysian Fields Ave & Robert E Le
1/10/2014,Elysian Fields Ave & Royal St
3/23/2013,Elysian Fields Ave & Saint Claud
11/3/2013,Elysian Fields Ave & Saint Claude Ave
2/20/2014,Elysian Fields Ave & Saint Claude Ave
9/24/2012,Elysian Fields Ave & Sere St
12/5/2014,Elysian Fields Ave & Sere St
4/30/2011,Elysian Fields Ave & St Claude A
5/15/2011,Elysian Fields Ave & St Claude A
6/27/2011,Elysian Fields Ave & St Claude A
7/30/2011,Elysian Fields Ave & St Claude A
7/30/2011,Elysian Fields Ave & St Claude A
8/27/2011,Elysian Fields Ave & St Claude A
8/29/2011,Elysian Fields Ave & St Claude A
9/13/2011,Elysian Fields Ave & St Claude A
10/21/2011,Elysian Fields Ave & St Claude A
10/24/2011,Elysian Fields Ave & St Claude A
12/22/2013,Elysian Fields Ave & St Claude Ave
1/6/2013,Elysian Fields Ave & Treasure St
4/2/2013,Elysian Fields Ave & Treasure St
4/15/2013,Elysian Fields Ave & Treasure St
12/19/2013,Elysian Fields Ave & Treasure St
6/14/2011,Elysian Fields Overpass & Florid
11/21/2014,Erato St & Baronne St
8/11/2013,Erato St & Magazine St
10/1/2011,Erato St & S White St
8/19/2012,Erato St & Saint Charles Ave
11/11/2011,Erato St & St Charles Ave
12/12/2013,Esplanade Ave & Bourbon St
6/17/2011,Esplanade Ave & Grand Route St J
10/31/2013,Esplanade Ave & Henriette Delille St
8/20/2014,Esplanade Ave & Henriette Delille St
1/24/2014,Esplanade Ave & Henriette Delille St
5/28/2014,Esplanade Ave & Moss St
12/12/2013,Esplanade Ave & N Claiborne Ave
8/13/2014,Esplanade Ave & N Claiborne Ave
1/27/2014,Esplanade Ave & N Claiborne Ave
9/12/2013,Esplanade Ave & N Lopez St
11/29/2011,Esplanade Ave & N Miro St
3/9/2012,Esplanade Ave & N Peters St
3/10/2011,Esplanade Ave & N Rampart St
3/10/2012,Esplanade Ave & N Rampart St
4/1/2013,Esplanade Ave & N Rampart St
6/15/2014,Esplanade Ave & N Rampart St
2/14/2014,Esplanade Ave & N Rampart St
4/4/2012,Esplanade Ave & N Roman St
3/31/2014,Esplanade Ave & N Roman St
8/29/2011,Esplanade Ave & N Tonti St
1/17/2013,Esplanade Ave & N Villere St
6/20/2011,Esplanade Ave & St Claude Ave
12/28/2013,Esplanade Ave & Verna St
12/28/2013,Esplanade Ave & Verna St
4/15/2011,Euterpe St & Religious St
7/8/2012,Euterpe St & Religious St
8/29/2012,Euterpe St & Tchoupitoulas St
2/18/2013,Euterpe St & Tchoupitoulas St
2/28/2013,Euterpe St & Tchoupitoulas St
9/10/2013,Euterpe St & Tchoupitoulas St
8/7/2014,Euterpe St & Tchoupitoulas St
2/10/2013,Exposition Blvd & Tchoupitoulas
11/24/2012,Fairway Dr & Metairie Rd
1/16/2014,Felicity St & Annunciation St
1/24/2014,Felicity St & Camp St
2/6/2012,Felicity St & Freret St
4/30/2012,Felicity St & Oretha Castle Hale
9/17/2011,Felicity St & Religious St
3/18/2012,Felicity St & Religious St
3/19/2012,Felicity St & Religious St
5/27/2012,Felicity St & Religious St
8/19/2012,Felicity St & Religious St
6/8/2013,Felicity St & Religious St
1/6/2012,Felicity St & Saint Charles Ave
5/21/2013,Felicity St & Saint Charles Ave
10/19/2014,Felicity St & Saint Charles Ave
3/24/2012,Felicity St & Saint James St
7/14/2011,Felicity St & St Charles Ave
1/29/2011,Felicity St & Tchoupitoulas St
4/13/2011,Felicity St & Tchoupitoulas St
4/22/2011,Felicity St & Tchoupitoulas St
12/8/2011,Felicity St & Tchoupitoulas St
3/3/2012,Felicity St & Tchoupitoulas St
5/15/2012,Felicity St & Tchoupitoulas St
12/8/2012,Felicity St & Tchoupitoulas St
4/10/2013,Felicity St & Tchoupitoulas St
6/14/2013,Felicity St & Tchoupitoulas St
6/22/2013,Felicity St & Tchoupitoulas St
7/15/2013,Felicity St & Tchoupitoulas St
8/11/2013,Felicity St & Tchoupitoulas St
8/23/2014,Felicity St & Tchoupitoulas St
2/23/2011,Fern St & Maple St
10/25/2012,Fern St & Olive St
2/5/2012,Fern St & Spruce St
7/12/2014,Fern St & Spruce St
2/12/2011,Filmore Ave & Gen Diaz St
6/2/2011,Filmore Ave & Marconi Dr
3/3/2013,Filmore Ave & Pontchartrain Blvd
3/26/2012,Filmore Ave & Pratt Dr
12/19/2011,Filmore Ave & Spain St
2/23/2011,Filmore Ave & St Bernard Ave
4/9/2011,Filmore Ave & Wisner Blvd
12/30/2011,Filmore Ave & Wisner Blvd
5/23/2014,Filmore Ave & Wisner Blvd
12/21/2014,Fleur De Lis Dr & 10th St
8/25/2013,Fleur De Lis Dr & Veterans Blvd
10/2/2011,Fleur De Lis Dr & W Harrison Ave
10/23/2014,Florence Ave & General Meyer Ave
11/11/2014,Florida Ave & Elysian Fields Ave
1/24/2011,Florida Ave & I-10 W
4/13/2011,Florida Ave & I-10 W
4/15/2011,Florida Ave & I-10 W
8/21/2011,Florida Ave & I-10 W
7/19/2014,Florida Blvd & Canal Blvd
2/19/2012,Florida Blvd & Memphis St
6/24/2013,Florida Blvd & Milne Blvd
5/18/2011,Florida Blvd & Rosemary Pl
6/5/2011,Florida Blvd & Rosemary Pl
7/15/2011,Florida Blvd & Rosemary Pl
9/9/2011,Florida Blvd & Rosemary Pl
11/16/2011,Florida Blvd & Rosemary Pl
5/18/2012,Florida Blvd & Rosemary Pl
1/6/2013,Florida Blvd & Rosemary Pl
12/5/2013,Florida Blvd & Rosemary Pl
8/5/2014,Florida Blvd & Rosemary Pl
3/12/2012,Florida Blvd & Woodlawn Pl
6/24/2014,Florida Blvd & Woodlawn Pl
6/7/2014,Foch Rd & Dorothea St
6/10/2011,Foch Rd & Morrison Rd
3/27/2011,Fontainebleau Dr & Nashville Ave
1/14/2014,Fontainebleau Dr & S Carrollton Ave
5/16/2014,Fontainebleau Dr & Vendome Pl
11/18/2012,Forstall St & Saint Claude Ave
5/16/2013,Foucher St & Magazine St
9/21/2011,Foucher St & St Charles Ave
4/8/2011,Foucher St & Tchoupitoulas St
3/10/2011,France Rd & Old Gentilly Rd
12/30/2011,France Rd & Old Gentilly Rd
8/27/2014,Franklin Ave & Dreux Ave
6/20/2011,Franklin Ave & Gentilly Blvd
5/26/2013,Franklin Ave & Gentilly Blvd
12/21/2014,Franklin Ave & Gentilly Blvd
10/31/2011,Franklin Ave & I-10 W
3/25/2012,Franklin Ave & I-10 W
6/25/2011,Franklin Ave & I-610 E
7/16/2012,Franklin Ave & Mirabeau Ave
11/5/2013,Franklin Ave & N Derbigny St
10/5/2012,Franklin Ave & N Galvez St
7/8/2012,Franklin Ave & N Miro St
2/19/2012,Franklin Ave & N Robertson St
3/11/2014,Franklin Ave & N Robertson St
7/24/2014,Franklin Ave & Royal St
8/1/2012,Franklin Ave & Saint Claude Ave
4/20/2014,Franklin Ave & St Roch Ave
2/27/2013,Franklin Ave Onramp & I-610 W
3/14/2013,Franklin Exit & I-610 E
9/17/2011,French St & West End Blvd
3/14/2011,Frenchmen St & Gentilly Blvd
4/7/2014,Frenchmen St & N Miro St
6/23/2011,Frenchmen St & St Claude Ave
12/7/2011,Frenchmen St & St Claude Ave
4/26/2014,Freret St & Audubon St
9/5/2014,Freret St & Calhoun St
6/5/2011,Freret St & Gen Taylor St
6/16/2011,Freret St & Jefferson Ave
7/9/2012,Freret St & Jefferson Ave
7/21/2012,Freret St & Jefferson Ave
9/30/2012,Freret St & Jefferson Ave
6/2/2011,Freret St & Joseph St
1/24/2011,Freret St & Louisiana Ave
11/18/2012,Freret St & Mlk Blvd
11/4/2011,Freret St & Napoleon Ave
7/2/2012,Freret St & Napoleon Ave
9/26/2012,Freret St & Nashville Ave
5/26/2011,Freret St & State St
10/28/2012,Fulton St & Saint Joseph St
7/21/2012,Gallier St & Saint Claude Ave
3/9/2013,Garden Oaks Dr & General De Gaul
5/4/2013,Garden Oaks Dr & General De Gaul
3/24/2012,Gen D Gualle & Expressway
10/6/2011,Gen De Gaulle & U S 90
7/21/2014,Gen De Gaulle Dr & Garden Oaks Dr
1/16/2011,Gen De Gaulle Dr & Holiday Dr
3/14/2011,Gen De Gaulle Dr & Holiday Dr
3/16/2011,Gen De Gaulle Dr & Holiday Dr
4/16/2011,Gen De Gaulle Dr & Holiday Dr
8/1/2014,Gen De Gaulle Dr & Indiana St
1/1/2012,Gen De Gaulle Dr & Kabel Dr
1/1/2011,Gen De Gaulle Dr & L B Landry Av
8/14/2011,Gen De Gaulle Dr & L B Landry Av
10/9/2011,Gen De Gaulle Dr & L B Landry Av
11/9/2013,Gen De Gaulle Dr & L B Landry Ave
6/30/2011,Gen De Gaulle Dr & Sandra Dr
12/18/2011,Gen De Gaulle Dr & Shirley Dr
8/29/2011,Gen De Gaulle Dr & Thayer St
5/12/2011,Gen De Gaulle Dr & Wall Blvd
1/9/2011,Gen De Gaulle Dr & Westbank Expw
2/16/2011,Gen De Gaulle Dr & Westbank Expw
2/24/2011,Gen De Gaulle Dr & Westbank Expw
3/24/2011,Gen De Gaulle Dr & Westbank Expw
10/15/2011,Gen De Gaulle Dr & Westbank Expw
12/30/2011,Gen De Gaulle Dr & Westbank Expw
11/30/2011,Gen De Gaulle Dr & Westbank Expy
12/3/2011,Gen De Gaulle Dr & Westbank Expy
2/7/2012,Gen De Gaulle Exit & US90B E
4/23/2012,Gen De Gaulle Exit & US90B E
7/13/2012,Gen De Gaulle Exit & US90B E
10/13/2012,Gen De Gaulle Exit & US90B E
11/17/2012,Gen De Gaulle Exit & US90B E
6/24/2013,Gen De Gaulle Exit & US90B W
7/22/2013,Gen De Gaulle Exit & US90B W
8/6/2013,Gen De Gaulle Exit & US90B W
8/12/2011,Gen De Gaulle/Pont
3/13/2011,Gen Meyer Ave & Kabel Dr
2/17/2014,Gen Meyer Ave & Kabel Dr
1/20/2011,Gen Meyer Ave & Odeon Ave
4/24/2011,Gen Meyer Ave & Shirley Dr
12/17/2011,Gen Pershing St & Magazine St
8/11/2011,Gen Taylor St & Magazine St
12/28/2014,Gen Taylor St & Prytania St
4/5/2014,General Collins Ave & General Meyer Ave
12/13/2013,General De Gaulle Dr & Behrman Ave
