1/1/2012,Loyola Ave & Napoleon Ave,29.932394,-90.1025329
1/1/2012,Canal St & N Tonti St,29.963214,-90.084076
1/1/2012,3400 Canal St,29.9706598,-90.0950852
1/1/2012,Jefferson Ave & Magazine St,29.9208492,-90.1149586
1/1/2012,Louisiana Ave & St Charles Ave,29.9283044,-90.0915347
1/1/2012,Gen De Gaulle Dr & Kabel Dr,29.917532,-90.0084277
1/1/2012,800 Canal St,29.95354,-90.070451
1/1/2012,13100 Chef Menteur Hwy,30.0295872,-89.9317564
1/4/2012,6400 West End Blvd,30.0202519,-90.11354
1/4/2012,4th St & Tchoupitoulas St,29.9209365,-90.0773933
1/4/2012,Dumaine St & N Rampart St,29.9621978,-90.0670041
1/6/2012,S Broad Overpass & I-10 E,29.9887621,-90.0669555
1/6/2012,Andrew Higgins Dr & Tchoupitoulasla,29.9421961,-90.0674199
1/6/2012,Saint Charles Ave & Toledano St,29.9286089,-90.0902513
1/6/2012,Felicity St & Saint Charles Ave,29.9362088,-90.0775365
1/7/2012,Coliseum St & Saint Andrew St,29.9331846,-90.0767427
1/7/2012,Jefferson Ave & Tchoupitoulas St,29.9164559,-90.1161872
1/7/2012,Nashville Ave & Willow St,29.9394386,-90.1132257
1/9/2012,Monroe St & Peach St,29.9714357,-90.1133934
1/9/2012,Maple St & Pine St,29.9394437,-90.1262658
1/9/2012,Austerlitz St & Tchoupitoulas St,29.9176025,-90.0953836
1/9/2012,5000 Canal Blvd,29.9821591,-90.1107642
1/9/2012,S Carrollton Ave & I-10 W,29.9680858,-90.1085071
1/9/2012,O'Keefe Ave & Poydras St,29.9504556,-90.0742504
1/10/2012,3700 Tchoupitoulas St,29.9177126,-90.0929
1/10/2012,S Jefferson Davis Pkwy & Tulane,29.9653816,-90.0986326
1/10/2012,Canal Blvd & City Park Ave,29.9821544,-90.1107458
1/12/2012,Magazine St & Peniston St,29.9214678,-90.09412
1/12/2012,3300 Saint Charles Ave,29.928295,-90.090358
1/12/2012,City Park Ave & I-10 W,30.003851,-90.0977603
1/12/2012,Canal St & S Carrollton Ave,29.9744932,-90.1007749
1/12/2012,200 N Rendon St,29.9702422,-90.0920331
1/13/2012,Conti St & N Peters St,29.9541957,-90.0646896
1/13/2012,Carondelet St & Washington Ave,29.931845,-90.08663
1/13/2012,1500 Religious St,29.9330858,-90.0665427
1/13/2012,400 Audubon St,29.9323328,-90.1296207
1/14/2012,2600 Mlk Blvd,29.944406,-90.085393
1/14/2012,Elmira Ave & Opelousas Ave,29.9486677,-90.0470608
1/15/2012,X Ccc Out,29.8610588,-89.994394
1/15/2012,Napoleon Ave & Saint Charles Ave,29.926563,-90.102168
1/15/2012,General De Gaulle Dr & Texas Dr,29.9235956,-90.019243
1/15/2012,Poydras St & Tchoupitoulas St,29.948678,-90.066978
1/15/2012,Chef Menteur Hwy & Louisa Dr,30.005256,-90.036321
1/16/2012,I-10 W & Metairie Rd,29.9809831,-90.1134374
1/16/2012,300 Royal St,29.9548726,-90.067383
1/16/2012,Canal St & Marais St,29.9574984,-90.0752422
1/18/2012,Elysian Fields Ave & N Villere S,29.9715801,-90.0572227
1/20/2012,Jefferson Ave & Tchoupitoulas St,29.9164559,-90.1161872
1/20/2012,N Carrollton Exit & I-10 W,33.5181771,-89.9206387
1/20/2012,Bellecastle St & Magazine St,29.920437,-90.1120915
1/20/2012,S Broad St & Eve St,29.951423,-90.099447
1/21/2012,Andrew Higgins Dr & Tchoupitoulasla,29.9421961,-90.0674199
1/21/2012,Polk Ave & West End Blvd,29.9999868,-90.1150509
1/22/2012,1800 Tchoupitoulas St,29.9270113,-90.0672697
1/22/2012,Lake Forest Blvd & Read Blvd,30.0328528,-89.9731733
1/22/2012,Henderson St & Tchoupitoulas St,29.9350801,-90.0662807
1/22/2012,S Claiborne Ave & Joliet St,29.9587988,-90.1238684
1/22/2012,I-10 E & Louisa St,30.0030739,-90.0334918
1/23/2012,100 Conti St,29.953539,-90.0639687
1/24/2012,Toledano St & Willow St,29.94054,-90.0962081
1/24/2012,General Taylor St & Magazine St,29.9212993,-90.0949839
1/25/2012,1500 Valmont St,29.9254655,-90.1119293
1/25/2012,Chippewa St & Orange St,29.9325967,-90.0689377
1/26/2012,5000 Canal St,29.9808641,-90.1101232
1/26/2012,Napoleon Ave & Saint Charles Ave,29.926563,-90.102168
1/26/2012,Canal St & S Robertson St,29.9583586,-90.076936
1/26/2012,Louisiana Ave & Magnolia St,29.9382416,-90.0963498
1/26/2012,Polk Ave & West End Blvd,29.9999868,-90.1150509
1/26/2012,Canal St & S Roman St,29.9602459,-90.0796935
1/27/2012,Joseph St & Tchoupitoulas St,29.9164093,-90.1183599
1/27/2012,6th St & Tchoupitoulas St,29.9201109,-90.0798815
1/27/2012,1700 Saint Charles Ave,29.937366,-90.0763512
1/27/2012,Elysian Fields Ave & N Peters St,29.9617786,-90.0565001
1/27/2012,800 Elysian Fields Ave,29.9655752,-90.0567647
1/28/2012,Marigny St & N Peters St,29.961891,-90.055002
1/28/2012,Elysian Fields Ave & N Peters St,29.9617786,-90.0565001
1/28/2012,Marigny St & N Peters St,29.961891,-90.055002
1/28/2012,3100 Gentilly Blvd,29.9981397,-90.0597066
1/28/2012,Marigny St & N Peters St,29.961891,-90.055002
1/28/2012,Canal Blvd & Harrison Ave,30.0045848,-90.1078503
1/29/2012,I-10 W & Metairie Rd,29.9809831,-90.1134374
1/29/2012,Saint James St & Tchoupitoulas S,29.928934,-90.0667347
1/29/2012,S Pierce St & Tulane Ave,29.968162,-90.1044846
1/29/2012,Metairie Rd & Pontchartrain Blvd,29.9812106,-90.1135319
1/29/2012,S Claiborne Ave & Mlk Blvd,29.9463647,-90.0882438
1/30/2012,Elysian Fields Ave & N Peters St,29.9617786,-90.0565001
1/31/2012,Belfast St & S Carrollton Ave,29.9581891,-90.1181591
2/1/2012,Jefferson Ave & Tchoupitoulas St,29.9164559,-90.1161872
2/1/2012,Camp St & Melpomene St,29.9375838,-90.0728152
2/1/2012,S Carrollton Ave & Oleander St,29.961716,-90.1143932
2/1/2012,L B Landry Ave & Newton St,29.9451537,-90.0409188
2/1/2012,4300 S Claiborne Ave,29.9401554,-90.1021969
2/2/2012,Jefferson Ave & Tchoupitoulas St,29.9164559,-90.1161872
2/2/2012,Harrison Ave & Wisner Blvd,29.9992794,-90.0862307
2/3/2012,5700 Read Blvd,30.03386,-89.975125
2/3/2012,E Homestead Dr & W Homestead Dr,29.9382499,-90.019571
2/3/2012,I-10 W & Louisa St,30.0030739,-90.0334918
2/4/2012,Louisiana Ave & Loyola Ave,29.9337008,-90.0941538
2/4/2012,Nashville Ave & Patton St,29.9197239,-90.1193969
2/4/2012,Eastern St & Gentilly Blvd,30.0027854,-90.0464324
2/4/2012,Andrew Higgins Dr & Tchoupitoulasla,29.9421961,-90.0674199
2/4/2012,A P Tureaud Ave & N Broad St,29.9876018,-90.0677735
2/5/2012,Arabella St & Tchoupitoulas St,29.9165735,-90.1192541
2/5/2012,Harmony St & Saint Charles Ave,29.929016,-90.0893467
2/5/2012,Canal St & S Rocheblave St,29.9638008,-90.0849583
2/5/2012,Fern St & Spruce St,29.951629,-90.1220324
2/6/2012,Milne Blvd & Polk Ave,29.9998251,-90.1131547
2/6/2012,Felicity St & Freret St,29.942974,-90.0851245
2/6/2012,I-10 W & Metairie Rd,29.9809831,-90.1134374
2/6/2012,4900 Banks St,29.9773241,-90.1111409
2/7/2012,2800 Orleans Ave,29.971604,-90.084477
2/7/2012,Louisiana Ave & Saint Charles Av,29.9283044,-90.0915347
2/7/2012,Canal St & N Rampart St,29.9557887,-90.0727311
2/7/2012,I-10 E & Louisa St,30.0030739,-90.0334918
2/8/2012,S Claiborne Ave & Jackson Ave,29.945199,-90.0901423
2/9/2012,I-10 W & Metairie Rd,29.9809831,-90.1134374
2/9/2012,Richard St & Tchoupitoulas St,29.9309226,-90.0661457
2/9/2012,5100 E Nemours St,30.0398456,-89.9234164
2/10/2012,N Claiborne Ave & Esplanade Ave,29.9692147,-90.0684981
2/10/2012,Hampson St & Leake Ave,29.9450636,-90.1349807
2/10/2012,3200 S Carrollton Ave,29.9619961,-90.1145482
2/10/2012,800 N Claiborne Ave,29.9646712,-90.0725404
2/11/2012,Bienville St & N Claiborne Ave,29.9608606,-90.0765127
2/11/2012,Calhoun St & S Claiborne Ave,29.9458846,-90.1139741
2/11/2012,700 Louisiana Ave,29.9187807,-90.0869472
2/12/2012,Baronne St & Calliope St,29.9433332,-90.0758164
2/12/2012,Canal St & N Claiborne Ave,29.9591288,-90.0780666
2/12/2012,S Broad Overpass & I-10 W,29.9887621,-90.0669555
2/13/2012,Saint Joseph St & Tchoupitoulas,29.9433555,-90.0675838
2/13/2012,3800 Tulane Ave,29.967097,-90.103191
2/15/2012,200 N Claiborne Ave,29.960025,-90.0760899
2/15/2012,S Claiborne Ave & Josephine St,29.9458311,-90.0891941
2/15/2012,5500 Clarence Henry Truckway,29.9166222,-90.0960629
2/15/2012,2600 Orleans Ave,29.9697622,-90.0814533
2/15/2012,Danneel St & Washington Ave,29.934277,-90.0884559
2/16/2012,Chef Menteur Hwy & Crowder Blvd,30.0141347,-89.9882462
2/18/2012,S Claiborne Ave & Napoleon Ave,29.940094,-90.103321
2/18/2012,Crowder Blvd & I-10 E,30.0304623,-89.9942327
2/18/2012,S Liberty St & Poydras St,29.951314,-90.077508
2/19/2012,Franklin Ave & N Robertson St,29.9729259,-90.0489357
2/19/2012,Adams St & S Claiborne Ave,29.9533702,-90.1171443
2/19/2012,Florida Blvd & Memphis St,29.9939325,-90.107024
2/19/2012,N Peters St & Ursulines Ave,29.9596035,-90.0595659
2/20/2012,N Broad St & Laharpe St,29.9785409,-90.0761211
2/20/2012,N Broad St & Orleans Ave,29.970761,-90.0827207
2/20/2012,East Dr & Tchoupitoulas St,29.9195519,-90.1293858
2/21/2012,6000 West End Blvd,30.0202519,-90.11354
2/21/2012,1200 St Bernard Ave,29.968198,-90.0631862
2/22/2012,Annunciation St & Calliope St,29.9390935,-90.0684299
2/22/2012,Arabella St & Tchoupitoulas St,29.9165735,-90.1192541
2/23/2012,200 Dauphine St,29.955314,-90.0700231
2/23/2012,Bourbon St & Canal St,29.9537072,-90.0700564
2/24/2012,Cherokee St & Zimple St,29.9427301,-90.1257098
2/24/2012,Canal Blvd & Robert E Lee Blvd,30.0196173,-90.1064742
2/25/2012,700 Flood St,29.9574772,-90.0182724
2/25/2012,Andrew Higgins Dr & Tchoupitoulasla,29.9421961,-90.0674199
2/25/2012,Industry St & Saint Bernard Ave,29.985906,-90.073129
2/25/2012,5900 Canal Blvd,29.997812,-90.109343
2/26/2012,Chef Menteur Hwy & Michoud Blvd,30.0311309,-89.9278161
2/26/2012,Alcee Fortier Blvd & Dwyer Blvd,30.0418427,-89.9136418
2/27/2012,Jefferson Ave & Tchoupitoulas St,29.9164559,-90.1161872
2/27/2012,N Derbigny St & Saint Bernard Av,29.97408,-90.0663399
2/28/2012,800 Bienville St,29.955478,-90.0684729
2/29/2012,Jefferson Ave & Tchoupitoulas St,29.9164559,-90.1161872
2/29/2012,Jackson Ave & Magazine St,29.9295899,-90.0767873
2/29/2012,General De Gaulle Dr & Holiday D,29.9208323,-90.0145545
3/1/2012,Jefferson Ave & Tchoupitoulas St,29.9164559,-90.1161872
3/1/2012,I-10 W & Metairie Rd,29.9809831,-90.1134374
3/1/2012,I-10 W & I-610 W,29.996243,-90.0454007
3/1/2012,City Park Ave & I-10 W,30.003851,-90.0977603
3/1/2012,Baronne St & Calliope St,29.9433332,-90.0758164
3/1/2012,Baronne St & Calliope St,29.9433332,-90.0758164
3/2/2012,Baronne St & Calliope St,29.9433332,-90.0758164
3/2/2012,Baronne St & Calliope St,29.9433332,-90.0758164
3/2/2012,Baronne St & Calliope St,29.9433332,-90.0758164
3/2/2012,S Carrollton Ave & I-10 E,29.9680858,-90.1085071
3/2/2012,Baronne St & Calliope St,29.9433332,-90.0758164
3/2/2012,Baronne St & Calliope St,29.9433332,-90.0758164
3/2/2012,Lafayette St & S Rampart St,29.9493074,-90.0753282
3/3/2012,Napoleon Ave & Saint Charles Ave,29.926563,-90.102168
3/3/2012,3500 Plymouth Pl,29.918056,-90.001115
3/3/2012,City Park Ave & I-10 W,30.003851,-90.0977603
3/3/2012,2000 Mardi Gras Blvd,29.9342379,-90.0358234
3/3/2012,I-10 E & Read Blvd,30.0378853,-89.9738315
3/3/2012,Felicity St & Tchoupitoulas St,29.9270182,-90.0672866
3/4/2012,Calliope St & Convention Center,29.9391483,-90.0643286
3/5/2012,W Roadway & N Roadway St,30.0250112,-90.1201694
3/5/2012,Louisiana Ave & Magazine St,29.9230231,-90.0888336
3/5/2012,6400 West End Blvd,30.0202519,-90.11354
3/6/2012,Aline St & Magazine St,29.9223809,-90.0907125
3/6/2012,Chef Menteur Hwy & Desire Pkwy,30.0062636,-90.0341597
3/7/2012,1200 Canal St,29.956008,-90.073976
3/8/2012,Jackson Ave & Magazine St,29.9295899,-90.0767873
3/8/2012,S Claiborne Ave & Washington Ave,29.9423609,-90.0944601
3/8/2012,I-10 W & Metairie Rd,29.9809831,-90.1134374
3/8/2012,Calliope St & Tchoupitoulas St,29.9379642,-90.0666761
3/8/2012,Jefferson Ave & Tchoupitoulas St,29.9164559,-90.1161872
3/9/2012,200 I-10 E,29.999899,-90.1176379
3/9/2012,Esplanade Ave & N Peters St,29.9612885,-90.0567812
3/9/2012,Race St & Religious St,29.9331125,-90.0665538
3/10/2012,Magazine St & Washington Ave,29.9262129,-90.0824828
3/10/2012,Esplanade Ave & N Rampart St,29.9660198,-90.0635953
3/11/2012,Broadway St & Willow St,29.9438043,-90.1217459
3/11/2012,S Broad St & Washington Ave,29.9507538,-90.1007627
3/11/2012,Saint James St & Tchoupitoulas S,29.928934,-90.0667347
3/11/2012,Hayne Blvd & Lehigh St,30.0525308,-89.9778376
3/11/2012,S Galvez St & Mlk Blvd,29.949032,-90.09303
3/12/2012,S Broad Overpass & I-10 W,29.9887621,-90.0669555
3/12/2012,1000 Royal St,29.96039,-90.062363
3/12/2012,Florida Blvd & Woodlawn Pl,29.9943165,-90.1114613
3/12/2012,I-10 E & I-510 N,31.3394059,-89.2924239
3/13/2012,2200 Saint Claude Ave,29.9683795,-90.0563784
3/13/2012,N Broad St & Saint Philip St,29.9730165,-90.0807842
3/14/2012,25000 Chef Menteur Hwy,30.0535907,-89.8778036
3/15/2012,Race St & Religious St,29.9331125,-90.0665538
3/15/2012,Capdeville St & Magazine St,29.9471916,-90.0686541
3/15/2012,N Galvez St & Saint Bernard Ave,29.9775125,-90.0684955
3/16/2012,200 N Derbigny St,29.9606559,-90.0779062
3/16/2012,Saint Joseph St & Tchoupitoulas,29.9433555,-90.0675838
3/16/2012,Prytania St & Saint Andrew St,29.9342127,-90.0777167
3/16/2012,Josephine St & Prytania St,29.9336005,-90.0786571
3/16/2012,Canal St & Crozat St,29.9564962,-90.0741615
3/16/2012,Poydras St & Saint Charles Ave,29.9494953,-90.0706215
3/16/2012,Bundy Rd & Morrison Rd,30.0390829,-89.988076
3/17/2012,2000 Mardi Gras Blvd,29.9342379,-90.0358234
3/17/2012,400 Chartres St,29.9550549,-90.0659526
3/17/2012,Camp St & Poydras St,29.94939,-90.069345
3/18/2012,Felicity St & Religious St,29.9277401,-90.0681083
3/18/2012,Clements Dr & Mayo Blvd,30.0234654,-90.0005677
3/18/2012,S Carrollton Ave & Washington Av,29.9655462,-90.110046
3/19/2012,Felicity St & Religious St,29.9277401,-90.0681083
3/19/2012,Annunciation St & John Churchill,29.9405809,-90.0679731
3/21/2012,Andrew Higgins Dr & Tchoupitoulasla,29.9421961,-90.0674199
3/21/2012,City Park Ave & I-10 W,30.003851,-90.0977603
3/21/2012,N Broad St & Orleans Ave,29.970761,-90.0827207
3/21/2012,Canal Blvd & City Park Ave,29.9821544,-90.1107458
3/23/2012,Aline St & Tchoupitoulas St,29.9180907,-90.0890855
3/23/2012,Behrman Ave & General De Gaulle,29.922977,-90.017025
3/24/2012,Leake Ave & Oak St,29.9523308,-90.1359425
3/24/2012,1900 Tchoupitoulas St,29.9257417,-90.0678347
3/24/2012,Leake Ave & Oak St,29.9523308,-90.1359425
3/24/2012,Leake Ave & Oak St,29.9523308,-90.1359425
3/24/2012,I-10 E & Orleans Ave,29.9659404,-90.0724857
3/24/2012,Leake Ave & Oak St,29.9523308,-90.1359425
3/24/2012,Gen D Gualle & Expressway,29.9220748,-90.0154222
3/24/2012,Calliope St & Carondelet St,29.9430427,-90.0743744
3/24/2012,Canal St & S Carrollton Ave,29.9744932,-90.1007749
3/24/2012,N Claiborne Ave & Iberville St,29.9601346,-90.0771591
3/25/2012,S Claiborne Ave & Jena St,29.9403324,-90.1047402
3/25/2012,Franklin Ave & I-10 W,29.9932098,-90.0493041
3/25/2012,Saint Joseph St & Tchoupitoulas,29.9433555,-90.0675838
3/25/2012,Leonidas St & Spruce St,29.9564203,-90.1279429
3/26/2012,I-10 W & Jeff Davis Overpass,29.9763987,-90.0907571
3/26/2012,Canal St & N Peters St,29.9512809,-90.0660634
3/27/2012,1900 Dauphine St,29.9653437,-90.0601635
3/29/2012,S Broad St & General Pershing St,29.9494309,-90.1033653
3/29/2012,Celeste St & Tchoupitoulas St,29.927962,-90.067028
3/30/2012,Crowder Blvd & I-10 E,30.0304623,-89.9942327
3/30/2012,N Diamond St & Tchoupitoulas St,29.9428631,-90.0675051
3/30/2012,Andrew Higgins Dr & Tchoupitoulasla,29.9421961,-90.0674199
3/30/2012,Annunciation St & Calliope St,29.9390935,-90.0684299
3/30/2012,Calliope St & Carondelet St,29.9430427,-90.0743744
3/31/2012,Andrew Higgins Dr & Tchoupitoulasla,29.9421961,-90.0674199
3/31/2012,Jefferson Ave & Tchoupitoulas St,29.9164559,-90.1161872
3/31/2012,Saint Charles Ave & Washington A,29.9309078,-90.0859492
3/31/2012,Monroe St & Peach St,29.9714357,-90.1133934
3/31/2012,S Rendon St & Washington Ave,29.9564759,-90.1034146
3/31/2012,Amelia St & S Claiborne Ave,29.940481,-90.098539
3/31/2012,1500 Religious St,29.9330858,-90.0665427
4/1/2012,Canal St & Crozat St,29.9564962,-90.0741615
4/1/2012,Melpomene St & Saint Charles Ave,29.9391698,-90.0755247
4/1/2012,Camp St & Louisiana Ave,29.9239789,-90.0892947
4/1/2012,Camp St & Terpsichore St,29.9365885,-90.073102
4/1/2012,1600 Tchoupitoulas St,29.930301,-90.0656149
4/1/2012,2100 Prytania St,29.933214,-90.078888
4/1/2012,Calliope St & Tchoupitoulas St,29.9379642,-90.0666761
4/1/2012,5000 Canal St,29.9808641,-90.1101232
4/2/2012,Andrew Higgins Dr & Tchoupitoulasla,29.9421961,-90.0674199
4/2/2012,N Rocheblave St & Saint Bernard,29.9809619,-90.0704487
4/2/2012,I-10 W & Metairie Rd,29.9809831,-90.1134374
4/2/2012,L B Landry Ave & Mardi Gras Blvd,29.9380067,-90.0413496
4/4/2012,Esplanade Ave & N Roman St,29.9705731,-90.0704868
4/5/2012,4600 Baccich St,30.0053932,-90.047571
4/5/2012,1200 Milton St,29.9957401,-90.078388
4/5/2012,S I-10 Service Rd & Read Blvd,30.035969,-89.975199
4/6/2012,3100 Saint Charles Ave,29.9291887,-90.0889202
4/7/2012,5900 West End Blvd,30.0202519,-90.11354
4/7/2012,I-10 W & Poydras St,29.9536741,-90.0833702
4/8/2012,I-10 W & Metairie Rd,29.9809831,-90.1134374
4/8/2012,Canal Blvd & City Park Ave,29.9821544,-90.1107458
4/8/2012,Constance St & Felicity St,29.9313645,-90.072133
4/9/2012,2nd St & S Claiborne Ave,29.9437434,-90.0919793
4/9/2012,Canal St & Tchoupitoulas St,29.9510251,-90.0661485
4/9/2012,Chef Menteur Hwy & Louisa Dr,30.005256,-90.036321
4/10/2012,Orange St & Religious St,29.9321148,-90.066851
4/10/2012,1500 Mandeville St,29.9727502,-90.0547293
4/11/2012,Andrew Higgins Dr & Tchoupitoulasla,29.9421961,-90.0674199
4/11/2012,Calhoun St & Saint Charles Ave,29.9329708,-90.1206176
4/11/2012,Chef Menteur Hwy & Read Blvd,30.0186011,-89.9679568
4/12/2012,I-10 W & Read Blvd,30.0378853,-89.9738315
4/12/2012,S Carrollton Ave & Maple St,29.9445314,-90.1328107
4/12/2012,Canal St & Marais St,29.9574984,-90.0752422
4/13/2012,1200 S Jefferson Davis Pkwy,29.9576905,-90.1041561
4/13/2012,Jefferson Ave & Tchoupitoulas St,29.9164559,-90.1161872
4/13/2012,I-610 W & West End Blvd,29.9936377,-90.1157574
4/13/2012,Dublin St & Plum St,53.3498053,-6.2603097
4/13/2012,I-10 E & Metairie Rd,29.9809831,-90.1134374
4/14/2012,I-10 E & Jeff Davis Overpass,29.9763987,-90.0907571
4/14/2012,S Broad St & Tulane Ave,29.9619049,-90.0907186
4/14/2012,Philip St & Simon Bolivar Ave,29.9390996,-90.0869109
4/14/2012,Josephine St & Magazine St,29.9302492,-90.0757718
4/15/2012,5000 Canal St,29.9808641,-90.1101232
4/15/2012,900 Ursulines Ave,29.9624427,-90.0636589
4/15/2012,Baronne St & Calliope St,29.9433332,-90.0758164
4/18/2012,Calliope St & Carondelet St,29.9430427,-90.0743744
4/18/2012,Julia St & Magazine St,29.9453639,-90.0692047
4/19/2012,6100 Tullis Dr,29.9069859,-89.9888008
4/19/2012,N Claiborne Ave & Touro St,29.9731202,-90.0596605
4/20/2012,Broadway St & S Claiborne Ave,29.9508389,-90.1160818
4/21/2012,Calliope St & Convention Center,29.9391483,-90.0643286
4/21/2012,Henderson St & Tchoupitoulas St,29.9350801,-90.0662807
4/21/2012,Race St & Tchoupitoulas St,29.9329919,-90.0659764
4/22/2012,I-10 W & Metairie Rd,29.9809831,-90.1134374
4/22/2012,Nashville Ave & Tchoupitoulas St,29.9167619,-90.1202206
4/22/2012,Nashville Ave & Saint Charles Av,29.9303035,-90.1165531
4/22/2012,S Claiborne Ave & Louisiana Ave,29.940824,-90.097574
4/23/2012,300 City Park Ave,29.982522,-90.107423
4/23/2012,S Carrollton Ave & Tulane Ave,29.9689395,-90.1064339
4/23/2012,Canal St & N Rampart St,29.9557887,-90.0727311
4/24/2012,Canal Blvd & Harrison Ave,30.0045848,-90.1078503
4/24/2012,Alvar St & Saint Claude Ave,29.9658208,-90.0363831
4/24/2012,Canal St & N Clark St,29.9707559,-90.0951955
4/25/2012,I-10 W & Read Blvd,30.0378853,-89.9738315
4/26/2012,City Park Ave & I-10 W,30.003851,-90.0977603
4/26/2012,Louisiana Ave & Tchoupitoulas St,29.9183691,-90.0865587
4/27/2012,Philip St & Saint Charles Ave,29.933522,-90.0816482
4/27/2012,3500 Tchoupitoulas St,29.9179571,-90.0899321
4/27/2012,S Claiborne Ave & Lowerline St,29.9527796,-90.1168815
4/28/2012,Earhart Blvd & Magnolia St,29.9482775,-90.0834718
4/28/2012,3400 Canal St,29.9706598,-90.0950852
4/29/2012,Chef Menteur Hwy & Papania Dr,30.0206533,-89.9592281
4/29/2012,General De Gaulle Dr & L B Landr,29.930562,-90.041681
4/29/2012,Chef Menteur Hwy & Press Dr,30.0039836,-90.0399969
4/29/2012,Andrew Higgins Dr & Tchoupitoulasla,29.9421961,-90.0674199
4/30/2012,Jefferson Ave & Tchoupitoulas St,29.9164559,-90.1161872
4/30/2012,Antonine St & Prytania St,29.9258457,-90.0941107
4/30/2012,I-10 E & Metairie Rd,29.9809831,-90.1134374
4/30/2012,4200 Magazine St,29.9207829,-90.0992263
4/30/2012,Felicity St & Oretha Castle Hale,29.9390316,-90.0807072
5/1/2012,400 Delaronde St,29.9540949,-90.0520855
5/2/2012,Bullard & I-10 E,30.0451457,-89.9633606
5/2/2012,Bullard Ave & N I-10 Service Rd,30.0451197,-89.9601152
5/2/2012,S Carrollton Ave & I-10 W,29.9680858,-90.1085071
5/3/2012,City Park Ave & Orleans Ave,29.9841106,-90.1027082
5/4/2012,Louisiana Ave & Tchoupitoulas St,29.9183691,-90.0865587
5/4/2012,8000 Jourdan Rd,30.0259372,-90.0300473
5/5/2012,Andrew Higgins Dr & Tchoupitoulasla,29.9421961,-90.0674199
5/5/2012,N Claiborne Ave & Elysian Fields,29.9735906,-90.0573782
5/6/2012,Louisiana Ave & Magazine St,29.9230231,-90.0888336
5/7/2012,9th St & Tchoupitoulas St,29.9192194,-90.0826498
5/7/2012,Belfast St & S Carrollton Ave,29.9581891,-90.1181591
5/8/2012,Bordeaux St & Magazine St,29.9204468,-90.1061119
5/9/2012,S Claiborne Ave & Napoleon Ave,29.940094,-90.103321
5/9/2012,5000 Chef Menteur Hwy,30.0072657,-90.0310365
5/10/2012,Louisiana Ave & Magazine St,29.9230231,-90.0888336
5/10/2012,14700 Chef Menteur Hwy,30.0377784,-89.9068575
5/11/2012,S Salcedo St & Tulane Ave,29.9638628,-90.0952634
5/11/2012,Jefferson Ave & Tchoupitoulas St,29.9164559,-90.1161872
5/11/2012,Napoleon Ave & S Roman St,29.9422246,-90.1035455
5/11/2012,1500 Religious St,29.9330858,-90.0665427
5/11/2012,Bundy Rd & S I-10 Service Rd,30.033702,-89.985261
5/11/2012,1400 Tchoupitoulas St,29.9348932,-90.0662272
5/11/2012,3500 Tchoupitoulas St,29.9179571,-90.0899321
5/11/2012,Cleveland Ave & S Hennessey St,29.9753613,-90.1040391
5/12/2012,Orange St & Religious St,29.9321148,-90.066851
5/12/2012,1000 Saint Charles Ave,29.94295,-90.071822
5/12/2012,Banks St & S Broad St,29.9629131,-90.0898042
5/12/2012,Annunciation St & Calliope St,29.9390935,-90.0684299
5/12/2012,Julia St & Saint Charles Ave,29.9459179,-90.0716764
5/13/2012,6400 Fontainebleau Dr,29.9521386,-90.1119943
5/13/2012,Hendee St & Thayer St,29.9315728,-90.0438758
5/13/2012,Calliope St & Carondelet St,29.9430427,-90.0743744
5/13/2012,Mazant St & Saint Claude Ave,29.9653852,-90.0344426
5/14/2012,Donner Dr & Westbank Expy In Onr,29.9268257,-90.0389776
5/14/2012,Louisiana Ave & Tchoupitoulas St,29.9183691,-90.0865587
5/15/2012,Louisiana Ave & Saint Charles Av,29.9283044,-90.0915347
5/15/2012,Felicity St & Tchoupitoulas St,29.9270182,-90.0672866
5/15/2012,Canal Blvd & Harrison Ave,30.0045848,-90.1078503
5/16/2012,City Park Ave & I-10 W,30.003851,-90.0977603
5/16/2012,Andrew Higgins Dr & Tchoupitoulasla,29.9421961,-90.0674199
5/16/2012,Calliope St & Convention Center,29.9391483,-90.0643286
5/16/2012,I-10 W & Metairie Rd,29.9809831,-90.1134374
5/16/2012,Canal Blvd & Robert E Lee Blvd,30.0196173,-90.1064742
5/16/2012,S Carrollton Ave & I-10 E,29.9680858,-90.1085071
5/17/2012,5100 Press Dr,30.011983,-90.042773
5/17/2012,S Carrollton Ave & I-10 W,29.9680858,-90.1085071
5/18/2012,S Claiborne Ave & Napoleon Ave,29.940094,-90.103321
5/18/2012,Florida Blvd & Rosemary Pl,29.9944041,-90.1124631
5/18/2012,S Carrollton Ave & Olive St,29.9630364,-90.1127516
5/18/2012,S Carrollton Ave & Oak St,29.947357,-90.129788
5/18/2012,S Carrollton Ave & Fontainebleau,29.9573679,-90.1187935
5/18/2012,Bienville St & N Carrollton Ave,29.9759969,-90.0988739
5/19/2012,S Carrollton Ave & Earhart Blvd,29.9610427,-90.1151214
5/19/2012,S Carrollton Ave & Willow St,29.9487747,-90.1282829
5/20/2012,Mirabeau Ave & Wisner Blvd,30.0065439,-90.0864608
5/20/2012,5200 S Claiborne Ave,29.9410067,-90.1091128
5/20/2012,I-10 W & Metairie Rd,29.9809831,-90.1134374
5/21/2012,Hillary St & Saint Charles Ave,29.9397983,-90.1302221
5/21/2012,S Carrollton Ave & Panola St,29.9537178,-90.1229891
5/21/2012,I-10 W & Metairie Rd,29.9809831,-90.1134374
5/22/2012,Banks St & S Carrollton Ave,29.9720798,-90.1033208
5/22/2012,7700 Berg Rd,30.052158,-89.971377
5/23/2012,3600 Magazine St,29.9220951,-90.0916685
5/23/2012,1300 Magazine St,29.9382284,-90.071299
5/23/2012,I-10 E & Orleans Ave,29.9659404,-90.0724857
5/23/2012,1300 N Peters St,29.9607031,-90.0577026
5/24/2012,Saint Charles Ave & Short St,29.9423397,-90.1333655
5/24/2012,Chef Menteur Hwy & Michoud Blvd,30.0311309,-89.9278161
5/24/2012,1500 Religious St,29.9330858,-90.0665427
5/25/2012,Camp St & Napoleon Ave,29.921795,-90.101454
5/25/2012,1500 Religious St,29.9330858,-90.0665427
5/25/2012,1st St & Tchoupitoulas St,29.9218258,-90.0746339
5/25/2012,1700 Religious St,29.9291227,-90.0676932
5/25/2012,I-610 E & Pontchartrain Blvd,29.9953972,-90.1156462
5/26/2012,Harrison Ave & Orleans Ave,39.5187897,-87.3797203
5/26/2012,Napoleon Ave & Saint Charles Ave,29.926563,-90.102168
5/26/2012,Saint Charles Ave & Toledano St,29.9286089,-90.0902513
5/26/2012,Napoleon Ave & Saint Charles Ave,29.926563,-90.102168
5/26/2012,1000 Common St,29.9540484,-90.0738025
5/26/2012,Carondelet St & Poydras St,29.9497826,-90.0718701
5/26/2012,I-10 E & Orleans Ave,29.9659404,-90.0724857
5/27/2012,S Alexander St & Canal St,29.9768376,-90.1041777
5/27/2012,4th St & Tchoupitoulas St,29.9209365,-90.0773933
5/27/2012,Felicity St & Religious St,29.9277401,-90.0681083
5/27/2012,Jefferson Ave & Tchoupitoulas St,29.9164559,-90.1161872
5/27/2012,Andrew Higgins Dr & Tchoupitoulasla,29.9421961,-90.0674199
5/27/2012,Joseph St & Magazine St,29.9211884,-90.1170767
5/27/2012,6th St & Freret St,29.9377889,-90.0929945
5/28/2012,Broadway St & Zimple St,29.9413944,-90.1236461
5/28/2012,3400 Esplanade Ave,29.9814094,-90.0859386
5/29/2012,S Claiborne Ave & Napoleon Ave,29.940094,-90.103321
5/29/2012,Market St & Religious St,29.930131,-90.067423
5/30/2012,I-10 W & S Prieur St,29.9761466,-90.0657674
5/31/2012,Metairie Rd & Pontchartrain Blvd,29.9812106,-90.1135319
5/31/2012,Airline Hwy & I-10 E,29.9703882,-90.1096605
5/31/2012,Easter Ln & General Meyer Ave,29.935436,-90.0110509
6/1/2012,Belfast St & S Carrollton Ave,29.9581891,-90.1181591
6/1/2012,5000 Canal St,29.9808641,-90.1101232
6/2/2012,Basin St & Saint Peter St,29.9625553,-90.0709648
6/2/2012,Basin St & Saint Peter St,29.9625553,-90.0709648
6/2/2012,Basin St & Saint Peter St,29.9625553,-90.0709648
6/2/2012,Basin St & Saint Peter St,29.9625553,-90.0709648
6/2/2012,Basin St & Saint Peter St,29.9625553,-90.0709648
6/2/2012,Basin St & Saint Peter St,29.9625553,-90.0709648
6/2/2012,9000 Airline Hwy,29.9714947,-90.1178323
6/2/2012,N Rampart St & Saint Peter St,29.9604426,-90.0683983
6/2/2012,7400 Chef Menteur Hwy,30.0114661,-90.0003587
6/3/2012,Chippewa St & Pleasant St,29.9198216,-90.0850835
6/3/2012,Annunciation St & Antonine St,29.9190415,-90.0915118
6/3/2012,I-510 N & Lake Forest Blvd,30.0463365,-89.9391239
6/4/2012,Convention Center Blvd & Poydras,29.9483505,-90.0646328
6/4/2012,3100 N Robertson St,29.9716439,-90.0429717
6/4/2012,S Carrollton Ave & I-10 W,29.9680858,-90.1085071
6/5/2012,Bullard & I-10 E,30.0451457,-89.9633606
6/6/2012,1500 Religious St,29.9330858,-90.0665427
6/6/2012,Andrew Higgins Dr & Constance St,29.9425554,-90.0690945
6/6/2012,Baronne St & Saint Joseph St,29.944954,-90.0746246
6/7/2012,Constance St & Toledano St,29.9224811,-90.0872878
6/7/2012,1000 Henriette Delille St,29.9636499,-90.0672044
6/7/2012,Bourbon St & Conti St,29.9562737,-90.067743
6/7/2012,Jackson Ave & Tchoupitoulas St,29.9233117,-90.0714102
6/8/2012,Jefferson Ave & Saint Charles Av,29.9284718,-90.1130564
6/8/2012,Annunciation St & Calliope St,29.9390935,-90.0684299
6/8/2012,6000 West End Blvd,30.0202519,-90.11354
6/9/2012,Jefferson Ave & Tchoupitoulas St,29.9164559,-90.1161872
6/9/2012,Polk Ave & West End Blvd,29.9999868,-90.1150509
6/9/2012,6th St & Chippewa St,29.921983,-90.0812536
6/9/2012,City Park Ave & I-10 W,30.003851,-90.0977603
6/9/2012,Orleans Ave & N Rendon St,29.9744732,-90.0882451
6/10/2012,Canal St & S Carrollton Ave,29.9744932,-90.1007749
6/10/2012,S Pierce St & Tulane Ave,29.968162,-90.1044846
6/10/2012,I-10 W & Jeff Davis Overpass,29.9763987,-90.0907571
6/10/2012,2000 Napoleon Ave,29.9304572,-90.1025944
6/10/2012,Calliope St & Convention Center,29.9391483,-90.0643286
6/10/2012,6th St & S Saratoga St,29.9343323,-90.0904022
6/11/2012,7th St & Tchoupitoulas St,29.9198204,-90.08082
6/11/2012,1700 N Broad St,29.9808329,-90.0736143
6/13/2012,S Claiborne Ave & Mlk Blvd,29.9463647,-90.0882438
6/13/2012,3100 Tchoupitoulas St,29.9194856,-90.0817472
6/15/2012,1500 Religious St,29.9330858,-90.0665427
6/15/2012,S Claiborne Ave & Nashville Ave,29.9426937,-90.1119757
6/15/2012,Canal St & Crozat St,29.9564962,-90.0741615
6/15/2012,1300 Frenchmen St,29.9704893,-90.0583272
6/16/2012,13100 Linden St,30.0619436,-89.9567794
6/16/2012,13100 Linden St,30.0619436,-89.9567794
6/16/2012,Canal Blvd & City Park Ave,29.9821544,-90.1107458
6/16/2012,Mandeville St & Robert E Lee Blv,30.0220801,-90.0586326
6/16/2012,Basin St & N Robertson St,29.9636125,-90.0722533
6/16/2012,1500 Basin St,29.9630828,-90.071501
6/16/2012,4100 Tchoupitoulas St,29.9172536,-90.0977537
6/16/2012,Crowder Blvd & I-10 E,30.0304623,-89.9942327
6/17/2012,1500 Religious St,29.9330858,-90.0665427
6/17/2012,Andrew Higgins Dr & Tchoupitoulasla,29.9421961,-90.0674199
6/17/2012,City Park Ave & I-10 W,30.003851,-90.0977603
6/17/2012,Chef Menteur Hwy & Desire Pkwy,30.0062636,-90.0341597
6/18/2012,3900 I-10 E,29.9737761,-90.1110577
6/18/2012,Calliope St & Tchoupitoulas St,29.9379642,-90.0666761
6/18/2012,S Claiborne Ave & Louisiana Ave,29.940824,-90.097574
6/19/2012,300 Canal St,29.9506229,-90.0661173
6/20/2012,1500 Religious St,29.9330858,-90.0665427
6/20/2012,4800 Rosalia Dr,30.022759,-89.973732
6/20/2012,S Claiborne Ave & Earhart Blvd,29.9494521,-90.086434
6/21/2012,Calliope St & Oretha Castle Hale,29.9439668,-90.0770286
6/21/2012,Louisiana Ave & Tchoupitoulas St,29.9183691,-90.0865587
6/21/2012,S Carrollton Ave & Plum St,29.9479052,-90.1288513
6/22/2012,S Claiborne Ave & State Street D,29.9437997,-90.1128066
6/22/2012,Magazine St & Washington Ave,29.9262129,-90.0824828
6/22/2012,1500 Religious St,29.9330858,-90.0665427
6/22/2012,Religious St & Richard St,29.9311495,-90.0671362
6/23/2012,1100 Carondelet St,29.9428156,-90.0745246
6/24/2012,Magazine St & Napoleon Ave,29.9207943,-90.1015953
6/24/2012,S Broad Overpass & I-10 E,29.9887621,-90.0669555
6/24/2012,3500 Tchoupitoulas St,29.9179571,-90.0899321
6/25/2012,I-10 E & I-510 N,31.3394059,-89.2924239
6/25/2012,I-10 W & Metairie Rd,29.9809831,-90.1134374
6/25/2012,S Claiborne Ave & Mlk Blvd,29.9463647,-90.0882438
6/26/2012,I-510 S & Lake Forest Blvd,30.0463365,-89.9391239
6/27/2012,I-10 E & I-510 N,31.3394059,-89.2924239
6/27/2012,Last St & Pontchartrain Blvd,29.977379,-90.1126183
6/27/2012,S Carrollton Ave & I-10 W,29.9680858,-90.1085071
6/27/2012,6th St & Tchoupitoulas St,29.9201109,-90.0798815
6/27/2012,200 S Claiborne Ave,29.9580016,-90.0784849
6/27/2012,800 Canal St,29.95354,-90.070451
6/28/2012,S Carrollton Ave & S Claiborne A,29.9559278,-90.1203159
6/28/2012,Howard Ave & O'Keefe Ave,29.9455916,-90.0758372
6/28/2012,Bullard & I-10 E,30.0451457,-89.9633606
6/29/2012,Baronne St & Calliope St,29.9433332,-90.0758164
6/29/2012,Baronne St & Calliope St,29.9433332,-90.0758164
6/29/2012,City Park Ave & I-10 W,30.003851,-90.0977603
6/29/2012,Baronne St & Calliope St,29.9433332,-90.0758164
6/29/2012,Behrman Ave & General De Gaulle,29.922977,-90.017025
6/30/2012,7th St & Tchoupitoulas St,29.9198204,-90.08082
6/30/2012,Lafayette St & Tchoupitoulas St,29.9475694,-90.0672587
6/30/2012,S Carrollton Ave & Earhart Blvd,29.9610427,-90.1151214
6/30/2012,Elysian Fields Ave & Gentilly Bl,29.9998463,-90.0591267
7/1/2012,1st St & Magazine St,29.9280437,-90.0792361
7/1/2012,8th St & Tchoupitoulas St,29.9195091,-90.0817263
7/1/2012,N Claiborne Ave & Elysian Fields,29.9735906,-90.0573782
7/1/2012,Bayou Rd & N Broad St,29.9774498,-90.0770977
7/1/2012,Bullard & I-10 W,30.0451457,-89.9633606
7/2/2012,Canal St & S Rampart St,29.9557887,-90.0727311
7/2/2012,Freret St & Napoleon Ave,29.93526,-90.1030755
7/4/2012,I-10 E & Read Blvd,30.0378853,-89.9738315
7/4/2012,Andrew Higgins Dr & Tchoupitoulasla,29.9421961,-90.0674199
7/4/2012,I-10 W & Metairie Rd,29.9809831,-90.1134374
7/4/2012,S Pierce St & Tulane Ave,29.968162,-90.1044846
7/4/2012,Moss St & Toulouse St,29.9741196,-90.090703
7/5/2012,6th St & Tchoupitoulas St,29.9201109,-90.0798815
7/5/2012,Andrew Higgins Dr & Tchoupitoulasla,29.9421961,-90.0674199
7/5/2012,Polk Ave & West End Blvd,29.9999868,-90.1150509
7/5/2012,Bellaire Dr & W Harrison Ave,30.0059105,-90.1215029
7/5/2012,Industry St & Metropolitan St,29.9859765,-90.0377181
7/5/2012,Canal St & N Villere St,29.9580194,-90.0760083
7/6/2012,Harrison Ave & West End Blvd,30.0051781,-90.1146445
7/6/2012,Calliope St & Loyola Ave,29.9451501,-90.0779956
7/7/2012,S Carrollton Ave & S Claiborne A,29.9559278,-90.1203159
7/7/2012,Nashville Ave & Saint Charles Av,29.9303035,-90.1165531
7/7/2012,10th St & Fleur De Lis Dr,29.9999999,-90.1192709
7/7/2012,Canal St & Chartres St,29.9525012,-90.0682794
7/7/2012,Clermont Dr & Gentilly Blvd,30.0007993,-90.0578634
7/8/2012,Jackson Ave & Tchoupitoulas St,29.9233117,-90.0714102
7/8/2012,Decatur St & Esplanade Ave,29.9621133,-90.0579654
7/8/2012,I-610 E & Saint Bernard Ave,29.9926822,-90.077398
7/8/2012,1900 Tchoupitoulas St,29.9257417,-90.0678347
7/8/2012,S Carrollton Ave & Willow St,29.9487747,-90.1282829
7/8/2012,Euterpe St & Religious St,29.9340386,-90.0663225
7/8/2012,Franklin Ave & N Miro St,29.9802428,-90.0486081
7/9/2012,Cherokee St & Saint Charles Ave,29.9392983,-90.1293799
7/9/2012,I-10 W & S Jeff Davis Overpass,29.9763987,-90.0907571
7/9/2012,General De Gaulle Dr & Shirley D,29.9297853,-90.0321914
7/9/2012,Bourbon St & Saint Philip St,29.961063,-90.0634663
7/9/2012,Freret St & Jefferson Ave,29.9352082,-90.1111593
7/10/2012,S Carrollton Ave & Fig St,29.960202,-90.115766
7/10/2012,Bullard & I-10 E,30.0451457,-89.9633606
7/10/2012,4200 Magazine St,29.9207829,-90.0992263
7/11/2012,Chef Menteur Hwy & Downman Rd,30.0098863,-90.0209174
7/12/2012,5900 West End Blvd,30.0202519,-90.11354
7/12/2012,2000 Mardi Gras Blvd,29.9342379,-90.0358234
7/12/2012,I-10 W & Jeff Davis Overpass,29.9763987,-90.0907571
7/12/2012,100 Veterans Hwy,29.9989795,-90.1171812
7/12/2012,4000 Canal St,29.97355,-90.099898
7/13/2012,900 Cherokee St,29.9413323,-90.1272165
7/13/2012,Coliseum St & Euterpe St,29.9361908,-90.0739153
7/14/2012,Broadway St & Hampson St,29.9382859,-90.1261034
7/14/2012,Pleasant St & Tchoupitoulas St,29.9186926,-90.0844356
7/14/2012,1st St & Tchoupitoulas St,29.9218258,-90.0746339
7/15/2012,Saint Joseph St & Tchoupitoulas,29.9433555,-90.0675838
7/15/2012,Philip St & Tchoupitoulas St,29.9227961,-90.0724307
7/15/2012,S Broad St & Canal St,29.9655313,-90.0875247
7/15/2012,Harmony St & Tchoupitoulas St,29.9189134,-90.0835916
7/15/2012,I-10 E & Saint Bernard Ave,29.9743173,-90.064752
7/16/2012,S Broad Overpass & I-10 W,29.9887621,-90.0669555
7/16/2012,S Carrollton Ave & I-10 W,29.9680858,-90.1085071
7/16/2012,S Broad St & Canal St,29.9655313,-90.0875247
7/16/2012,S Cortez St & Tulane Ave,29.967117,-90.102428
7/16/2012,Franklin Ave & Mirabeau Ave,30.0087312,-90.0507502
7/17/2012,7th St & Saint Charles Ave,29.9297821,-90.0881873
7/18/2012,Andrew Higgins Dr & Tchoupitoulasla,29.9421961,-90.0674199
7/19/2012,6200 Canal Blvd,30.003026,-90.108737
7/19/2012,Chef Menteur Hwy & Desire Pkwy,30.0062636,-90.0341597
7/19/2012,I-10 W & Orleans Ave,29.9659404,-90.0724857
7/20/2012,Milan St & Tchoupitoulas St,29.9173313,-90.0987374
7/20/2012,Napoleon Ave & Saint Charles Ave,29.926563,-90.102168
7/20/2012,Cherokee St & Hampson St,29.9399543,-90.1286771
7/20/2012,Clio St & Saint Charles Ave,29.9413798,-90.0738907
7/21/2012,Jackson Ave & Tchoupitoulas St,29.9233117,-90.0714102
7/21/2012,Freret St & Jefferson Ave,29.9352082,-90.1111593
7/21/2012,Gallier St & Saint Claude Ave,29.966547,-90.039614
7/21/2012,Elysian Fields Ave & I-10 W,44.1985771,-93.673838
7/21/2012,20200 Old Spanish Trail,30.0653874,-89.8152042
7/21/2012,400 Canal St,29.951017,-90.0661661
7/22/2012,Jefferson Ave & Tchoupitoulas St,29.9164559,-90.1161872
7/22/2012,N Broad St & Toulouse St,29.9695151,-90.0838153
7/23/2012,7700 Saint Charles Ave,29.940315,-90.131274
7/23/2012,700 Conti St,29.9558676,-90.0672685
7/24/2012,S Claiborne Ave & General Taylor,29.9406786,-90.0999442
7/25/2012,Harmony St & Magazine St,29.923984,-90.0864698
7/25/2012,8th St & Tchoupitoulas St,29.9195091,-90.0817263
7/25/2012,I-610 W & West End Blvd,29.9936377,-90.1157574
7/25/2012,Tchoupitoulas St & Washington Av,29.9206094,-90.0783504
7/25/2012,I-10 W & Metairie Rd,29.9809831,-90.1134374
7/26/2012,Delachaise St & Tchoupitoulas St,29.9181966,-90.0879425
7/26/2012,Desire Pkwy & Old Gentilly Rd,30.005073,-90.0335699
7/27/2012,4th St & Tchoupitoulas St,29.9209365,-90.0773933
7/27/2012,Constance St & Octavia St,29.9200885,-90.116329
7/27/2012,7600 Oak St,29.9440487,-90.1257276
7/28/2012,Harmony St & Tchoupitoulas St,29.9189134,-90.0835916
7/28/2012,7th St & Tchoupitoulas St,29.9198204,-90.08082
7/28/2012,S Carrollton Ave & Tulane Ave,29.9689395,-90.1064339
7/28/2012,Market St & Religious St,29.930131,-90.067423
7/29/2012,Philip St & Tchoupitoulas St,29.9227961,-90.0724307
7/29/2012,Loyola Ave & Soniat St,29.9320857,-90.1094809
7/30/2012,12th St & Pontchartrain Blvd,30.0006573,-90.1161532
7/30/2012,S Cortez St & Tulane Ave,29.967117,-90.102428
7/30/2012,Louisiana Ave & Saint Charles Av,29.9283044,-90.0915347
7/31/2012,Jackson Ave & Simon Bolivar Ave,29.939015,-90.0848194
8/1/2012,Franklin Ave & Saint Claude Ave,29.9690885,-90.0501074
8/1/2012,Saint Charles Ave & Valence St,29.9261428,-90.1055569
8/1/2012,Broadway St & Zimple St,29.9413944,-90.1236461
8/2/2012,Andrew Higgins Dr & Tchoupitoulasla,29.9421961,-90.0674199
8/2/2012,Andrew Higgins Dr & Tchoupitoulasla,29.9421961,-90.0674199
8/2/2012,Hurst St & Joseph St,29.9284946,-90.1151264
8/2/2012,Baudin St & S Broad St,29.9619774,-90.0903712
8/2/2012,Earhart Blvd & Washington Ave,29.9570991,-90.1038866
8/3/2012,2800 Tchoupitoulas St,29.9205895,-90.0783592
8/3/2012,Canal St & S Dorgenois St,29.9645108,-90.0859951
8/3/2012,5000 Canal St,29.9808641,-90.1101232
8/3/2012,Pleasant St & Tchoupitoulas St,29.9186926,-90.0844356
8/3/2012,Camp St & Louisiana Ave,29.9239789,-90.0892947
8/3/2012,Calliope St & Saint Charles Ave,29.9422209,-90.0730299
8/3/2012,Canal St & S Derbigny St,29.9596487,-90.0788146
8/4/2012,S Claiborne Ave & Philip St,29.9448538,-90.0907635
8/4/2012,Jackson Ave & Tchoupitoulas St,29.9233117,-90.0714102
8/4/2012,Jackson Ave & Magazine St,29.9295899,-90.0767873
8/4/2012,Bienville St & Burgundy St,29.9566948,-90.0702518
8/4/2012,2300 Prytania St,29.9322863,-90.0806193
8/4/2012,S Rocheblave St & Tulane Ave,29.960507,-90.087915
8/4/2012,City Park Ave & Orleans Ave,29.9841106,-90.1027082
8/4/2012,Mlk Blvd & S Saratoga St,29.9419483,-90.0807887
8/5/2012,Market St & Tchoupitoulas St,29.929926,-90.066427
8/5/2012,Camp St & Louisiana Ave,29.9239789,-90.0892947
8/5/2012,Canal St & S Jefferson Davis Pkw,29.9698619,-90.0939004
8/5/2012,S Carrollton Ave & Palmyra St,29.972955,-90.1024069
8/5/2012,2000 Behrman Ave,29.934619,-90.037042
8/6/2012,Hagan Ave & Orleans Ave,29.974974,-90.0892454
8/6/2012,N Broad St & Orleans Ave,29.970761,-90.0827207
8/6/2012,I-10 E & Read Blvd,30.0378853,-89.9738315
8/7/2012,Crowder Blvd & I-10 E,30.0304623,-89.9942327
8/7/2012,Hampson St & Hillary St,29.9405555,-90.1294301
8/8/2012,4600 Chef Menteur Hwy,30.0050638,-90.0352815
8/8/2012,Louisiana Ave & Magazine St,29.9230231,-90.0888336
8/8/2012,Calliope St & Magazine St,29.9412084,-90.0704431
8/9/2012,2700 Magazine St,29.9264777,-90.0816814
8/9/2012,4300 Clio St,29.956052,-90.100453
8/9/2012,Danneel St & Louisiana Ave,29.9319332,-90.093273
8/9/2012,Magazine St & Washington Ave,29.9262129,-90.0824828
8/10/2012,Bienville St & N Claiborne Ave,29.9608606,-90.0765127
8/10/2012,Heerman St & Opelousas Ave,29.9481633,-90.0354261
8/10/2012,N Claiborne Ave & Desire St,29.9718567,-90.0389708
8/10/2012,Elysian Fields Ave & N Peters St,29.9617786,-90.0565001
8/10/2012,Elysian Fields Ave & N Peters St,29.9617786,-90.0565001
8/10/2012,Jefferson Ave & Magazine St,29.9208492,-90.1149586
8/10/2012,7th St & Tchoupitoulas St,29.9198204,-90.08082
8/10/2012,Chippewa St & Louisiana Ave,29.9189819,-90.0870225
8/11/2012,2nd St & Tchoupitoulas St,29.9215187,-90.0755402
8/11/2012,7th St & Annunciation St,29.9224522,-90.0827627
8/11/2012,3600 Saint Charles Ave,29.927053,-90.093726
8/11/2012,Poydras St & Tchoupitoulas St,29.948678,-90.066978
8/11/2012,Chantilly Dr & Chef Menteur Hwy,30.0114875,-90.0058571
8/12/2012,3rd St & Tchoupitoulas St,29.9212237,-90.0764458
8/12/2012,2nd St & Chippewa St,29.924177,-90.077494
8/12/2012,4th St & Tchoupitoulas St,29.9209365,-90.0773933
8/12/2012,I-10 E & Louisa St,30.0030739,-90.0334918
8/12/2012,Canal St & S Jefferson Davis Pkw,29.9698619,-90.0939004
8/13/2012,Magazine St & Natchez St,29.9496495,-90.0679414
8/13/2012,N Dorgenois St & Esplanade Ave,29.9750231,-90.0768715
8/13/2012,Hillary St & Zimple St,29.9433358,-90.1264537
8/14/2012,Canal St & Elk Pl,29.9559345,-90.0733517
8/15/2012,S Carrollton Ave & Tulane Ave,29.9689395,-90.1064339
8/15/2012,Andrew Higgins Dr & Camp St,29.9430483,-90.071244
8/16/2012,Polk Ave & West End Blvd,29.9999868,-90.1150509
8/16/2012,7th St & Baronne St,29.9314457,-90.0894118
8/16/2012,Catina St & Polk Ave,29.999897,-90.114007
8/16/2012,Polk Ave & West End Blvd,29.9999868,-90.1150509
8/16/2012,Polk Ave & West End Blvd,29.9999868,-90.1150509
8/17/2012,Polk Ave & West End Blvd,29.9999868,-90.1150509
8/17/2012,Polk Ave & West End Blvd,29.9999868,-90.1150509
8/17/2012,Polk Ave & West End Blvd,29.9999868,-90.1150509
8/17/2012,Polk Ave & West End Blvd,29.9999868,-90.1150509
8/17/2012,Polk Ave & West End Blvd,29.9999868,-90.1150509
8/17/2012,Polk Ave & West End Blvd,29.9999868,-90.1150509
8/17/2012,Polk Ave & West End Blvd,29.9999868,-90.1150509
8/17/2012,Polk Ave & West End Blvd,29.9999868,-90.1150509
8/17/2012,Earhart Blvd & Pine St,29.9589087,-90.1109913
8/18/2012,La Salle St & Tulane Ave,29.9556835,-90.0770264
8/18/2012,N Claiborne Ave & Elysian Fields,29.9735906,-90.0573782
8/18/2012,I-10 W & Orleans Ave,29.9659404,-90.0724857
8/18/2012,Elysian Fields Ave & Gentilly Bl,29.9998463,-90.0591267
8/18/2012,N Rampart St & Saint Bernard Ave,29.967336,-90.0624295
8/19/2012,Felicity St & Religious St,29.9277401,-90.0681083
8/19/2012,Jackson Ave & Tchoupitoulas St,29.9233117,-90.0714102
8/19/2012,Burthe St & Hillary St,29.9419228,-90.1279667
8/19/2012,Erato St & Saint Charles Ave,29.9404325,-90.0743506
8/19/2012,Andrew Higgins Dr & Tchoupitoulasla,29.9421961,-90.0674199
8/19/2012,500 Canal St,29.9518664,-90.0679995
8/20/2012,1st St & Saint Charles Ave,29.9328498,-90.0827631
8/20/2012,Crowder Blvd & S I-10 Service Rd,30.0286317,-89.9930575
8/20/2012,Constance St & Foucher St,29.921125,-90.0912661
8/21/2012,Polk Ave & West End Blvd,29.9999868,-90.1150509
8/21/2012,I-10 E & Pontchartrain Blvd,29.9672428,-90.1084211
8/22/2012,Leontine St & Saint Charles Ave,29.9282995,-90.1122992
8/22/2012,I-10 W & Jeff Davis Overpass,29.9763987,-90.0907571
8/22/2012,Baronne St & Gravier St,29.9524022,-90.0724135
8/22/2012,2400 Tchoupitoulas St,29.9218078,-90.0746362
8/23/2012,9th St & Tchoupitoulas St,29.9192194,-90.0826498
8/23/2012,Calliope St & Tchoupitoulas St,29.9379642,-90.0666761
8/23/2012,1000 Oretha Castle Haley Blvd,29.9444313,-90.0766712
8/24/2012,2800 Tchoupitoulas St,29.9205895,-90.0783592
8/24/2012,Delachaise St & Saint Charles Av,29.9277554,-90.0925558
8/24/2012,6300 Magazine St,29.9236024,-90.125479
8/24/2012,S Claiborne Ave & Delachaise St,29.9407966,-90.0986352
8/24/2012,Broadway St & Saint Charles Ave,29.9372481,-90.1269458
8/24/2012,3400 Tchoupitoulas St,29.918332,-90.0867298
8/24/2012,City Park Ave & I-10 W,30.003851,-90.0977603
8/25/2012,1800 Tchoupitoulas St,29.9270113,-90.0672697
8/25/2012,1800 Tchoupitoulas St,29.9270113,-90.0672697
8/25/2012,1800 Tchoupitoulas St,29.9270113,-90.0672697
8/25/2012,1800 Tchoupitoulas St,29.9270113,-90.0672697
8/25/2012,1800 Tchoupitoulas St,29.9270113,-90.0672697
8/25/2012,1800 Tchoupitoulas St,29.9270113,-90.0672697
8/25/2012,1800 Bienville St,29.961264,-90.077575
8/25/2012,700 Robert E Lee Blvd,30.0194293,-90.1060708
8/25/2012,1900 Tchoupitoulas St,29.9257417,-90.0678347
8/26/2012,9th St & Tchoupitoulas St,29.9192194,-90.0826498
8/26/2012,Canal St & Elk Pl,29.9559345,-90.0733517
8/26/2012,Banks St & S Carrollton Ave,29.9720798,-90.1033208
8/26/2012,N Broad St & Canal St,29.9657127,-90.0873664
8/26/2012,Philip St & Tchoupitoulas St,29.9227961,-90.0724307
8/26/2012,Canal St & S Jefferson Davis Pkw,29.9698619,-90.0939004
8/26/2012,2000 Lakeshore Dr,30.0243982,-90.0684455
8/26/2012,Orange St & Religious St,29.9321148,-90.066851
8/26/2012,Canal St & N Rendon St,29.969221,-90.092953
8/28/2012,S Saratoga St & Terpsichore St,29.9413003,-90.0812589
8/28/2012,Jackson Ave & Saint Charles Ave,29.934075,-90.080531
8/29/2012,Euterpe St & Tchoupitoulas St,29.9340013,-90.066122
8/30/2012,800 Iberville St,29.9548416,-90.0697166
8/30/2012,Washington Ave & S White St,29.9516886,-90.1009667
8/31/2012,N Peters St & Port St,29.9622132,-90.051198
8/31/2012,Canal St & N Jefferson Davis Pkw,29.9698619,-90.0939004
8/31/2012,Amelia St & Magazine St,29.9216543,-90.093262
8/31/2012,Cherokee St & Saint Charles Ave,29.9392983,-90.1293799
8/31/2012,S Salcedo St & Tulane Ave,29.9638628,-90.0952634
9/1/2012,700 Ursulines Ave,29.9612247,-90.0618915
9/1/2012,Magazine St & Soniat St,29.9203664,-90.110051
9/2/2012,S Broad St & Tulane Ave,29.9619049,-90.0907186
9/2/2012,500 Washington Ave,29.921356,-90.079239
9/2/2012,5400 Fontainebleau Dr,29.9507302,-90.1078171
9/3/2012,Gentilly Blvd & Saint Bernard Av,29.9886382,-90.0746141
9/3/2012,Peniston St & S Robertson St,29.9366706,-90.0981512
9/5/2012,1500 Religious St,29.9330858,-90.0665427
9/5/2012,2nd St & Tchoupitoulas St,29.9215187,-90.0755402
9/5/2012,Veterans Blvd & West End Blvd,29.9999868,-90.1150509
9/5/2012,3100 St Claude Ave,29.9674285,-90.044096
9/5/2012,Canal St & S Robertson St,29.9583586,-90.076936
9/6/2012,S Carrollton Ave & Earhart Blvd,29.9610427,-90.1151214
9/7/2012,Independence St & Saint Claude A,29.966203,-90.038074
9/7/2012,6200 Tchoupitoulas St,29.9186425,-90.126563
9/7/2012,Jefferson Ave & Tchoupitoulas St,29.9164559,-90.1161872
9/7/2012,Pleasant St & Saint Thomas St,29.919273,-90.0847749
9/7/2012,8300 Palm St,29.9660144,-90.1133921
9/7/2012,I-10 E & Jeff Davis Overpass,29.9763987,-90.0907571
9/7/2012,Canal St & N Tonti St,29.963214,-90.084076
9/8/2012,S Broad Overpass & I-10 W,29.9887621,-90.0669555
9/8/2012,8th St & Tchoupitoulas St,29.9195091,-90.0817263
9/8/2012,700 S Broad St,29.9597738,-90.0923438
9/8/2012,S Broad St & Canal St,29.9655313,-90.0875247
9/9/2012,Basin St & Saint Louis St,29.9592547,-90.0704036
9/9/2012,4th St & Tchoupitoulas St,29.9209365,-90.0773933
9/9/2012,Saint Joseph St & Tchoupitoulas,29.9433555,-90.0675838
9/9/2012,Dale St & Dreux Ave,30.0171831,-90.010376
9/9/2012,2000 Lakeshore Dr,30.0243982,-90.0684455
9/9/2012,1900 Tchoupitoulas St,29.9257417,-90.0678347
9/10/2012,Chef Menteur Hwy & Werner Dr,30.0132952,-89.9930061
9/10/2012,N Claiborne Ave & Frenchmen St,29.9731851,-90.0585141
9/11/2012,Canal St & S Prieur St,29.9608404,-90.080575
9/12/2012,1st St & Magazine St,29.9280437,-90.0792361
9/12/2012,Louisiana Ave & Prytania St,29.9269306,-90.0907161
9/13/2012,8000 Oak St,29.9465646,-90.1288414
9/13/2012,Louisiana Ave & Prytania St,29.9269306,-90.0907161
9/13/2012,N Claiborne Ave & Esplanade Ave,29.9692147,-90.0684981
9/13/2012,17300 Chef Menteur Hwy,30.052219,-89.8801244
9/13/2012,4th St & Tchoupitoulas St,29.9209365,-90.0773933
9/14/2012,3100 Tchoupitoulas St,29.9194856,-90.0817472
9/14/2012,500 Andrew Higgins Dr,29.9427441,-90.0699843
9/15/2012,Canal Blvd & I-610 W,29.9954252,-90.1137567
9/15/2012,Bienville St & N Carrollton Ave,29.9759969,-90.0988739
9/15/2012,Saint Charles Ave & Walnut St,29.9362044,-90.1254521
9/15/2012,Chartres St & Lesseps St,29.9598799,-90.0341016
9/16/2012,4500 S Carrollton Ave,29.9721383,-90.1028909
9/17/2012,1300 Magazine St,29.9382284,-90.071299
9/17/2012,Magazine St & Saint Mary St,29.931587,-90.0738711
9/18/2012,Bordeaux St & Magazine St,29.9204468,-90.1061119
9/19/2012,Tchoupitoulas St & Washington Av,29.9206094,-90.0783504
9/19/2012,100 Iberville St,29.951359,-90.0646715
9/19/2012,3300 Canal St,29.96921,-90.0929667
9/19/2012,I-10 W & Read Blvd,30.0378853,-89.9738315
9/20/2012,Jackson Ave & Saint Charles Ave,29.934075,-90.080531
9/20/2012,S Claiborne Ave & Jena St,29.9403324,-90.1047402
9/20/2012,Jefferson Ave & Story St,29.9405833,-90.1097134
9/21/2012,Saint James St & Tchoupitoulas S,29.928934,-90.0667347
9/21/2012,Tchoupitoulas St & Washington Av,29.9206094,-90.0783504
9/22/2012,1200 Basin St,29.9564416,-90.0733126
9/22/2012,1200 Basin St,29.9564416,-90.0733126
9/22/2012,1200 Basin St,29.9564416,-90.0733126
9/22/2012,1200 Basin St,29.9564416,-90.0733126
9/22/2012,I-10 E & Read Blvd,30.0378853,-89.9738315
9/22/2012,Jackson Ave & Tchoupitoulas St,29.9233117,-90.0714102
9/23/2012,Canal St & Decatur St,29.9519787,-90.0671079
9/23/2012,1900 Tchoupitoulas St,29.9257417,-90.0678347
9/24/2012,Elysian Fields Ave & Sere St,29.9949041,-90.0587399
9/25/2012,Chef Menteur Hwy & Desire Pkwy,30.0062636,-90.0341597
9/26/2012,Napoleon Ave & Saint Charles Ave,29.926563,-90.102168
9/26/2012,Canal Blvd & Harrison Ave,30.0045848,-90.1078503
9/26/2012,Freret St & Nashville Ave,29.9359196,-90.1145069
9/26/2012,Jackson Ave & Magazine St,29.9295899,-90.0767873
9/27/2012,5900 West End Blvd,30.0202519,-90.11354
9/27/2012,Calliope St & Magazine St,29.9412084,-90.0704431
9/27/2012,1700 Tchoupitoulas St,29.928735,-90.06649
9/27/2012,N Broad St & Orleans Ave,29.970761,-90.0827207
9/27/2012,S Carrollton Ave & Hampson St,29.9437261,-90.1333241
9/27/2012,I-10 W & Metairie Rd,29.9809831,-90.1134374
9/29/2012,Calliope St & Saint Charles Ave,29.9422209,-90.0730299
9/29/2012,Calliope St & Carondelet St,29.9430427,-90.0743744
9/29/2012,Lelong Ave & Wisner Blvd,29.9840345,-90.0901419
9/29/2012,Calliope St & Carondelet St,29.9430427,-90.0743744
9/29/2012,Calliope St & Carondelet St,29.9430427,-90.0743744
9/29/2012,Calliope St & Carondelet St,29.9430427,-90.0743744
9/29/2012,N Broad St & Orleans Ave,29.970761,-90.0827207
9/29/2012,Calliope St & Carondelet St,29.9430427,-90.0743744
9/29/2012,2900 Tulane Ave,29.962845,-90.093636
9/30/2012,Poydras St & S Roman St,29.9539049,-90.0830569
9/30/2012,Freret St & Jefferson Ave,29.9352082,-90.1111593
10/1/2012,Elysian Fields Ave & I-10 W,44.1985771,-93.673838
10/2/2012,300 O'Keefe Ave,29.9528252,-90.0735499
10/3/2012,S Claiborne Ave & Earhart Blvd,29.9494521,-90.086434
10/3/2012,Saint Thomas St & Washington Ave,29.9219898,-90.079361
10/3/2012,Carondelet St & Louisiana Ave,29.9293024,-90.0918478
10/3/2012,Elysian Fields Ave & N Robertson,29.9725938,-90.0569564
10/3/2012,Marigny St & Saint Claude Ave,29.9686406,-90.0555232
10/4/2012,900 Louisiana Ave,29.921141,-90.08841
10/4/2012,Canal Blvd & Harrison Ave,30.0045848,-90.1078503
10/4/2012,Elysian Fields Ave & I-10 E,44.1985771,-93.673838
10/5/2012,Franklin Ave & N Galvez St,29.9792352,-90.0483176
10/5/2012,Broadway St & Saint Charles Ave,29.9372481,-90.1269458
10/5/2012,6th St & Tchoupitoulas St,29.9201109,-90.0798815
10/6/2012,Andrew Higgins Dr & Tchoupitoulasla,29.9421961,-90.0674199
10/6/2012,8th St & Tchoupitoulas St,29.9195091,-90.0817263
10/6/2012,1700 Napoleon Ave,29.9275629,-90.1023076
10/6/2012,10th St & Pontchartrain Blvd,29.9998411,-90.1162156
10/6/2012,Julia St & S Peters St,29.9445969,-90.0658363
10/6/2012,N Broad St & Esplanade Ave,29.9760262,-90.0781515
10/6/2012,3100 Tchoupitoulas St,29.9194856,-90.0817472
10/7/2012,General Pershing St & Magnolia S,29.9372782,-90.1018937
10/7/2012,Louisiana Ave & Tchoupitoulas St,29.9183691,-90.0865587
10/7/2012,Delachaise St & Tchoupitoulas St,29.9181966,-90.0879425
10/7/2012,Iberville St & N Rampart St,29.9565517,-90.0718764
10/8/2012,S Carrollton Ave & Earhart Blvd,29.9610427,-90.1151214
10/8/2012,2nd St & Tchoupitoulas St,29.9215187,-90.0755402
10/8/2012,Elysian Fields Ave & I-610 E,44.1985771,-93.673838
10/10/2012,1500 Religious St,29.9330858,-90.0665427
10/10/2012,Broadway St & Zimple St,29.9413944,-90.1236461
10/10/2012,Earhart Blvd & S Galvez St,29.9521571,-90.0909423
10/11/2012,Delachaise St & Magazine St,29.9225745,-90.0900693
10/12/2012,Antonine St & Tchoupitoulas St,29.9179136,-90.0910906
10/12/2012,Leake Ave & Magazine St,29.9277574,-90.1335822
10/12/2012,1000 Leontine St,29.921724,-90.1135983
10/13/2012,N Roman St & Saint Bernard Ave,29.9747851,-90.0666979
10/13/2012,S Claiborne Ave & General Taylor,29.9406786,-90.0999442
10/13/2012,General De Gaulle Dr & Holiday D,29.9208323,-90.0145545
10/14/2012,Saint Charles Ave & State St,29.9311518,-90.1180469
10/14/2012,I-10 E & Metairie Rd,29.9809831,-90.1134374
10/14/2012,Dublin St & Forshey St,29.9631731,-90.114555
10/14/2012,5600 Canal Blvd,29.991712,-90.1096464
10/15/2012,Bullard Ave & Lake Forest Blvd,30.0389662,-89.954978
10/15/2012,13800 Chef Menteur Hwy,30.0339371,-89.9188568
10/16/2012,1200 Saint Charles Ave,29.9411538,-90.073703
10/16/2012,7100 Salem Dr,30.035962,-89.988191
10/17/2012,Magazine St & Poydras St,29.9489307,-90.0681504
10/17/2012,5000 Canal St,29.9808641,-90.1101232
10/18/2012,Jackson Ave & Tchoupitoulas St,29.9233117,-90.0714102
10/18/2012,6500 Chef Menteur Hwy,30.1756283,-89.7292278
10/19/2012,Tchoupitoulas St & Washington Av,29.9206094,-90.0783504
10/19/2012,Andrew Higgins Dr & Tchoupitoulasla,29.9421961,-90.0674199
10/20/2012,Tchoupitoulas St & Washington Av,29.9206094,-90.0783504
10/20/2012,N Claiborne Ave & Elysian Fields,29.9735906,-90.0573782
10/20/2012,2000 Port St,29.9779916,-90.0463826
10/20/2012,8th St & Tchoupitoulas St,29.9195091,-90.0817263
10/20/2012,Broadway St & S Claiborne Ave,29.9508389,-90.1160818
10/20/2012,Elysian Fields Ave & I-10 E,44.1985771,-93.673838
10/21/2012,Chef Menteur Hwy & Louisa Dr,30.005256,-90.036321
10/22/2012,Saint Charles Ave & Saint Mary S,29.9358521,-90.0782423
10/24/2012,Tchoupitoulas St & Washington Av,29.9206094,-90.0783504
10/24/2012,Constance St & Nashville Ave,29.9206362,-90.1191607
10/24/2012,S Carrollton Ave & Fontainebleau,29.9573679,-90.1187935
10/25/2012,I-10 W & Metairie Rd,29.9809831,-90.1134374
10/25/2012,Fern St & Olive St,29.9617748,-90.1111943
10/26/2012,2500 Tchoupitoulas St,29.9215008,-90.0755428
10/26/2012,General De Gaulle Dr & Seine Ct,29.9255932,-90.0234165
10/27/2012,Louisiana Ave & Tchoupitoulas St,29.9183691,-90.0865587
10/27/2012,City Park Ave & I-10 W,30.003851,-90.0977603
10/27/2012,Canal St & N Carrollton Ave,29.9744932,-90.1007749
10/28/2012,Fulton St & Saint Joseph St,29.9428196,-90.0652298
10/28/2012,N Claiborne Ave & Franklin Ave,29.9741039,-90.0487971
10/28/2012,City Park Ave & I-10 W,30.003851,-90.0977603
10/28/2012,1600 Religious St,29.9311226,-90.0671248
10/28/2012,4th St & Tchoupitoulas St,29.9209365,-90.0773933
10/29/2012,S Cortez St & Tulane Ave,29.967117,-90.102428
10/29/2012,Poland Ave & N Robertson St,29.9688063,-90.0303476
10/30/2012,Annunciation St & Napoleon Ave,29.9179299,-90.1013102
10/31/2012,Danneel St & Harmony St,29.9326304,-90.0913939
10/31/2012,Broadway St & Burthe St,29.939798,-90.1249039
10/31/2012,N Claiborne Ave & Laharpe St,29.9719656,-90.0665967
10/31/2012,N Carrollton Exit & I-10 W,33.5181771,-89.9206387
10/31/2012,2000 Lakeshore Dr,30.0243982,-90.0684455
11/1/2012,100 N Telemachus St,29.9720284,-90.0966879
11/1/2012,S Galvez St & I-10 W,29.9482383,-90.0941812
11/2/2012,Tchoupitoulas St & Washington Av,29.9206094,-90.0783504
11/2/2012,3600 Canal St,29.971151,-90.096347
11/2/2012,S Claiborne Ave & Leonidas St,29.9594619,-90.1246816
11/2/2012,Louisiana Ave & Tchoupitoulas St,29.9183691,-90.0865587
11/3/2012,Louisiana Ave & Tchoupitoulas St,29.9183691,-90.0865587
11/3/2012,Louisiana Ave & Tchoupitoulas St,29.9183691,-90.0865587
11/3/2012,Louisiana Ave & Tchoupitoulas St,29.9183691,-90.0865587
11/3/2012,Louisiana Ave & Tchoupitoulas St,29.9183691,-90.0865587
11/3/2012,Louisiana Ave & Tchoupitoulas St,29.9183691,-90.0865587
11/3/2012,Louisiana Ave & Tchoupitoulas St,29.9183691,-90.0865587
11/3/2012,Louisiana Ave & Tchoupitoulas St,29.9183691,-90.0865587
11/3/2012,Louisiana Ave & Tchoupitoulas St,29.9183691,-90.0865587
11/3/2012,2700 Tulane Ave,29.961722,-90.0915424
11/4/2012,Almonaster Ave & Jourdan Rd,30.0052703,-90.0230446
11/4/2012,Elysian Fields Ave & I-10 E,44.1985771,-93.673838
11/5/2012,Gordon St & Saint Claude Ave,29.9602431,-90.0122382
11/5/2012,N Claiborne Ave & Piety St,29.972105,-90.04006
11/5/2012,S Carrollton Ave & Walmsley Ave,29.9587961,-90.1172672
11/6/2012,Annunciation St & Joseph St,29.9175245,-90.1180606
11/6/2012,Canal St & Elk Pl,29.9559345,-90.0733517
11/7/2012,Eleonore St & Saint Charles Ave,29.9307549,-90.11737
11/7/2012,S Carrollton Ave & I-10 E,29.9680858,-90.1085071
11/9/2012,Abundance St & Elysian Fields Av,29.9888311,-90.0582658
11/9/2012,Abundance St & Elysian Fields Av,29.9888311,-90.0582658
11/9/2012,Abundance St & Elysian Fields Av,29.9888311,-90.0582658
11/9/2012,Abundance St & Elysian Fields Av,29.9888311,-90.0582658
11/9/2012,Abundance St & Elysian Fields Av,29.9888311,-90.0582658
11/9/2012,Abundance St & Elysian Fields Av,29.9888311,-90.0582658
11/9/2012,4300 Banks St,29.9735549,-90.1057803
11/9/2012,Chef Menteur Hwy & Wilson Ave,30.0124526,-89.998674
11/10/2012,1600 Franklin Ave,29.9741184,-90.0488117
11/10/2012,S Jefferson Davis Pkwy & Tulane,29.9653816,-90.0986326
11/10/2012,Bullard Ave & S I-10 Service Rd,30.0451197,-89.9601152
11/11/2012,N Claiborne Ave & Saint Bernard,29.9728379,-90.0657979
11/11/2012,3900 Tchoupitoulas St,29.9175492,-90.0941606
11/11/2012,N Alexander St & Saint Peter St,29.9815624,-90.0999728
11/11/2012,6400 River Dr,29.9185172,-89.9523063
11/12/2012,Harrison Ave & West End Blvd,30.0051781,-90.1146445
11/12/2012,Saint Joseph St & Tchoupitoulas,29.9433555,-90.0675838
11/13/2012,Eagle St & Earhart Blvd,29.964763,-90.122031
11/14/2012,Philip St & Willow St,29.9437456,-90.0899574
11/14/2012,Dickens Dr & Zion St,29.920842,-89.9836474
11/15/2012,4200 Tchoupitoulas St,29.9173144,-90.0987466
11/16/2012,2nd St & Tchoupitoulas St,29.9215187,-90.0755402
11/16/2012,Carondelet St & Napoleon Ave,29.927555,-90.102288
11/16/2012,Calliope St & Magazine St,29.9412084,-90.0704431
11/16/2012,Magazine St & Napoleon Ave,29.9207943,-90.1015953
11/17/2012,9th St & Tchoupitoulas St,29.9192194,-90.0826498
11/17/2012,Crowder Blvd & I-10 E,30.0304623,-89.9942327
11/17/2012,9200 Airline Hwy,29.972157,-90.121239
11/18/2012,Forstall St & Saint Claude Ave,29.9625935,-90.0213402
11/18/2012,Jackson Ave & Tchoupitoulas St,29.9233117,-90.0714102
11/18/2012,2nd St & Tchoupitoulas St,29.9215187,-90.0755402
11/18/2012,Convention Center Blvd & Julia S,29.9443305,-90.0646878
11/18/2012,Audubon St & Plum St,29.9425095,-90.1215461
11/18/2012,Freret St & Mlk Blvd,29.944121,-90.084279
11/19/2012,500 Clouet St,29.9618653,-90.0459757
11/19/2012,Marais St & Poland Ave,29.9656461,-90.031143
11/19/2012,Clouet St & Saint Claude Ave,29.9675896,-90.0442103
11/20/2012,Marconi Dr & Victory Dr,29.9863768,-90.1018961
11/21/2012,3200 S Carrollton Ave,29.9619961,-90.1145482
11/21/2012,Elysian Fields Ave & Gentilly Bl,29.9998463,-90.0591267
11/22/2012,Andrew Higgins Dr & Tchoupitoulasla,29.9421961,-90.0674199
11/22/2012,Constance St & Lyons St,29.9193395,-90.1071157
11/23/2012,6100 West End Blvd,30.0202519,-90.11354
11/23/2012,I-10 W & S Jeff Davis Overpass,29.9763987,-90.0907571
11/24/2012,Louisiana Ave & Tchoupitoulas St,29.9183691,-90.0865587
11/24/2012,S Carrollton Ave & Hickory St,29.9514442,-90.1250749
11/24/2012,9th St & Tchoupitoulas St,29.9192194,-90.0826498
11/24/2012,2500 Tchoupitoulas St,29.9215008,-90.0755428
11/24/2012,S Claiborne Ave & Philip St,29.9448538,-90.0907635
11/24/2012,Melpomene St & Tchoupitoulas St,29.9361966,-90.0666495
11/24/2012,Andrew Higgins Dr & Camp St,29.9430483,-90.071244
11/24/2012,Louisiana Ave & Prytania St,29.9269306,-90.0907161
11/24/2012,S Broad St & Tulane Ave,29.9619049,-90.0907186
11/24/2012,1000 Marigny St,29.9676362,-90.0554711
11/24/2012,Fairway Dr & Metairie Rd,29.9795954,-90.1224191
11/24/2012,S Claiborne Ave & Mlk Blvd,29.9463647,-90.0882438
11/25/2012,2nd St & Tchoupitoulas St,29.9215187,-90.0755402
11/25/2012,2700 Tchoupitoulas St,29.9209184,-90.0773961
11/25/2012,Airline Hwy & I-10 E,29.9703882,-90.1096605
11/26/2012,I-10 W & Metairie Rd,29.9809831,-90.1134374
11/27/2012,2400 Saint Charles Ave,29.9326931,-90.0826662
11/27/2012,400 Ridgeway Blvd,29.9875972,-90.150965
11/29/2012,East Dr & Tchoupitoulas St,29.9195519,-90.1293858
11/29/2012,1900 Tchoupitoulas St,29.9257417,-90.0678347
11/30/2012,Jackson Ave & Prytania St,29.9329265,-90.0796737
11/30/2012,S Claiborne Ave & Washington Ave,29.9423609,-90.0944601
11/30/2012,3500 Magazine St,29.9222163,-90.0907946
11/30/2012,Agriculture St & Elysian Fields,29.9882693,-90.0581449
12/1/2012,Constance St & Nashville Ave,29.9206362,-90.1191607
12/1/2012,2800 S Claiborne Ave,29.9420419,-90.0944999
12/1/2012,1000 N Rampart St,29.9629883,-90.0659907
12/1/2012,Laurel St & Napoleon Ave,29.9187611,-90.1013937
12/2/2012,Andrew Higgins Dr & Tchoupitoulasla,29.9421961,-90.0674199
12/2/2012,S Dorgenois St & Tulane Ave,29.9610265,-90.0890608
12/3/2012,Canal St & N Galvez St,29.962114,-90.082081
12/3/2012,N Broad St & Esplanade Ave,29.9760262,-90.0781515
12/3/2012,2000 Canal St,29.96051,-90.081357
12/4/2012,S Carrollton Ave & Ulloa St,29.9696983,-90.1056325
12/4/2012,Canal St & N Prieur St,29.9608404,-90.080575
12/5/2012,3200 Magazine St,29.9237405,-90.0866046
12/6/2012,2700 Canal St,29.965424,-90.087821
12/6/2012,Elysian Fields Ave & Marais St,29.9695275,-90.0570408
12/6/2012,I-10 W & I-610 W,29.996243,-90.0454007
12/6/2012,Louisiana Ave & Tchoupitoulas St,29.9183691,-90.0865587
12/7/2012,Louisiana Ave & Tchoupitoulas St,29.9183691,-90.0865587
12/7/2012,Louisiana Ave & Tchoupitoulas St,29.9183691,-90.0865587
12/7/2012,Louisiana Ave & Tchoupitoulas St,29.9183691,-90.0865587
12/8/2012,1100 8th St,29.9109095,-90.0649461
12/8/2012,Felicity St & Tchoupitoulas St,29.9270182,-90.0672866
12/9/2012,Julia St & S Peters St,29.9445969,-90.0658363
12/9/2012,N Claiborne Ave & Saint Philip S,29.9663026,-90.0710931
12/9/2012,4600 Washington Ave,29.95893,-90.1049224
12/9/2012,Elysian Fields Ave & Robert E Le,30.022118,-90.06089
12/12/2012,Mardi Gras Blvd & Teche St,29.9383311,-90.0517291
12/13/2012,Louisiana Ave & Tchoupitoulas St,29.9183691,-90.0865587
12/13/2012,Ellen Park Pl & Patterson,29.934078,-90.00058
12/14/2012,Elysian Fields Ave & I-10 E,44.1985771,-93.673838
12/14/2012,I-10 W & Metairie Rd,29.9809831,-90.1134374
12/14/2012,Dufossat St & Saint Charles Ave,29.9275344,-90.1106583
12/15/2012,Andrew Higgins Dr & Tchoupitoulasla,29.9421961,-90.0674199
12/15/2012,Andrew Higgins Dr & Tchoupitoulasla,29.9421961,-90.0674199
12/15/2012,Andrew Higgins Dr & Tchoupitoulasla,29.9421961,-90.0674199
12/15/2012,Andrew Higgins Dr & Tchoupitoulasla,29.9421961,-90.0674199
12/15/2012,Andrew Higgins Dr & Tchoupitoulasla,29.9421961,-90.0674199
12/15/2012,Andrew Higgins Dr & Tchoupitoulasla,29.9421961,-90.0674199
12/15/2012,Andrew Higgins Dr & Tchoupitoulasla,29.9421961,-90.0674199
12/15/2012,Andrew Higgins Dr & Tchoupitoulasla,29.9421961,-90.0674199
12/15/2012,Banks St & S Salcedo St,29.9655848,-90.0937225
12/15/2012,Canal St & S Carrollton Ave,29.9744932,-90.1007749
12/15/2012,Harrison Ave & Wisner Blvd,29.9992794,-90.0862307
12/16/2012,S Broad St & Washington Ave,29.9507538,-90.1007627
12/16/2012,Andrew Higgins Dr & Tchoupitoulasla,29.9421961,-90.0674199
12/16/2012,City Park Ave & I-10 W,30.003851,-90.0977603
12/16/2012,Clio St & Prytania St,29.9405691,-90.0724681
12/18/2012,300 Royal St,29.9548726,-90.067383
12/18/2012,Bayou Rd & N Prieur St,29.9706846,-90.0717515
12/19/2012,Louisiana Ave & Saint Charles Av,29.9283044,-90.0915347
12/20/2012,Canal St & S Carrollton Ave,29.9744932,-90.1007749
12/20/2012,Harrison Ave & Pontchartrain Blv,30.0055462,-90.1157994
12/20/2012,Harrison Ave & West End Blvd,30.0051781,-90.1146445
12/21/2012,Chef Menteur Hwy & I-10 E,30.0108494,-90.0144289
12/21/2012,3100 Tchoupitoulas St,29.9194856,-90.0817472
12/22/2012,Canal St & N Claiborne Ave,29.9591288,-90.0780666
12/22/2012,Chef Menteur Hwy & Michoud Blvd,30.0311309,-89.9278161
12/23/2012,3100 Tchoupitoulas St,29.9194856,-90.0817472
12/23/2012,Veterans Blvd & West End Blvd,29.9999868,-90.1150509
12/24/2012,Iberville St & Royal St,29.9540944,-90.0682354
12/24/2012,5400 Elysian Fields Ave,30.0134199,-90.0606199
12/27/2012,Coliseum St & Nashville Ave,29.9242871,-90.1181949
12/27/2012,N Galvez St & Saint Bernard Ave,29.9775125,-90.0684955
12/28/2012,Tchoupitoulas St & Upperline St,29.9165695,-90.1081826
12/29/2012,N Claiborne Ave & Poland Ave,29.9697797,-90.0299008
12/29/2012,Bellecastle St & Tchoupitoulas S,29.9165054,-90.112293
12/29/2012,3400 S Carrollton Ave,29.9631373,-90.112887
12/30/2012,S Cortez St & Ulloa St,29.967385,-90.1021731
12/30/2012,2800 Tchoupitoulas St,29.9205895,-90.0783592
12/30/2012,Dublin St & Oak St,29.94808,-90.1306838
